location,date,deliveries,receipts
ACADIAN,2001-09-01,-45374,0
ACADIAN,2001-09-02,-45374,0
ACADIAN,2001-09-03,-45374,0
ACADIAN,2001-09-04,0,0
ACADIAN,2001-09-05,-30264,0
ACADIAN,2001-09-06,-41047,0
ACADIAN,2001-09-07,-50796,0
ACADIAN,2001-09-08,-50796,0
ACADIAN,2001-09-09,-50796,0
ACADIAN,2001-09-10,-30000,0
ACADIAN,2001-09-11,-43000,0
ACADIAN,2001-09-12,-43000,0
ACADIAN,2001-09-13,-43000,0
ACADIAN,2001-09-14,-66071,0
ACADIAN,2001-09-15,-47201,0
ACADIAN,2001-09-16,-47201,0
ACADIAN,2001-09-17,-47201,0
ACADIAN,2001-09-18,-47201,0
ACADIAN,2001-09-19,-37425,0
ACADIAN,2001-09-20,-55437,0
ACADIAN,2001-09-21,-45474,0
ACADIAN,2001-09-22,-45474,0
ACADIAN,2001-09-23,-45474,0
ACADIAN,2001-09-24,-21274,0
ACADIAN,2001-09-25,-21274,0
ACADIAN,2001-09-26,-35474,0
ACADIAN,2001-09-27,-15974,0
ACADIAN,2001-09-28,-20474,0
ACADIAN,2001-09-29,0,0
ACADIAN,2001-09-30,0,0
ACADIAN,2001-10-01,0,0
ACADIAN,2001-10-02,0,0
ACADIAN,2001-10-03,-25019,0
ACADIAN,2001-10-04,-21019,0
ACADIAN,2001-10-05,0,0
ACADIAN,2001-10-06,-10274,0
ACADIAN,2001-10-07,-10274,0
ACADIAN,2001-10-08,-10274,0
ACADIAN,2001-10-09,-6606,0
ACADIAN,2001-10-10,0,0
ACADIAN,2001-10-11,0,0
ACADIAN,2001-10-12,-10129,0
ACADIAN,2001-10-13,-10129,0
ACADIAN,2001-10-14,-10129,0
ACADIAN,2001-10-15,0,0
ACADIAN,2001-10-16,0,0
ACADIAN,2001-10-17,-37629,0
ACADIAN,2001-10-18,-14225,0
ACADIAN,2001-10-19,-14629,0
ACADIAN,2001-10-20,-14629,0
ACADIAN,2001-10-21,-14629,0
ACADIAN,2001-10-22,-36129,0
ACADIAN,2001-10-23,-34629,0
ACADIAN,2001-10-24,-34629,0
ACADIAN,2001-10-25,-34629,0
ACADIAN,2001-10-26,-34629,0
ACADIAN,2001-10-27,-44629,0
ACADIAN,2001-10-28,-44629,0
ACADIAN,2001-10-29,-27629,0
ACADIAN,2001-10-30,-27629,0
ACADIAN,2001-10-31,-32629,0
ACADIAN,2001-11-01,-1,0
ACADIAN,2001-11-02,0,0
ACADIAN,2001-11-03,0,0
ACADIAN,2001-11-04,0,0
ACADIAN,2001-11-05,0,0
ACADIAN,2001-11-06,0,0
ACADIAN,2001-11-07,-51129,0
ACADIAN,2001-11-08,-65500,0
ACADIAN,2001-11-09,-65500,0
ACADIAN,2001-11-10,-37028,0
ACADIAN,2001-11-11,-37028,0
ACADIAN,2001-11-12,-37028,0
ACADIAN,2001-11-13,-17809,0
ACADIAN,2001-11-14,-5257,0
ACADIAN,2001-11-15,-40000,0
ACADIAN,2001-11-16,-40000,0
ACADIAN,2001-11-17,-45500,0
ACADIAN,2001-11-18,-45500,0
ACADIAN,2001-11-19,-45500,0
ACADIAN,2001-11-20,-45500,0
ACADIAN,2001-11-21,-11379,0
ACADIAN,2001-11-22,-8256,0
ACADIAN,2001-11-23,-8256,0
ACADIAN,2001-11-24,0,0
ACADIAN,2001-11-25,0,0
ACADIAN,2001-11-26,0,0
ACADIAN,2001-11-27,0,0
ACADIAN,2001-11-28,0,0
ACADIAN,2001-11-29,-797,0
ACADIAN,2001-11-30,-797,0
ACADIAN,2001-12-01,0,0
ACADIAN,2001-12-02,0,0
ACADIAN,2001-12-03,0,0
ACADIAN,2001-12-04,0,0
ACADIAN,2001-12-05,-2730,0
ACADIAN,2001-12-06,-13049,0
ACADIAN,2001-12-07,-672,0
ACADIAN,2001-12-08,0,0
ACADIAN,2001-12-09,0,0
ACADIAN,2001-12-10,0,0
ACADIAN,2001-12-11,0,0
ACADIAN,2001-12-12,-5266,0
ACADIAN,2001-12-13,0,0
ACADIAN,2001-12-14,0,0
ACADIAN,2001-12-15,0,0
ACADIAN,2001-12-16,0,0
ACADIAN,2001-12-17,0,0
ACADIAN,2001-12-18,0,0
ACADIAN,2001-12-19,0,0
ACADIAN,2001-12-20,0,0
ACADIAN,2001-12-21,-35748,0
ACADIAN,2001-12-22,0,0
ACADIAN,2001-12-23,0,0
ACADIAN,2001-12-24,0,0
ACADIAN,2001-12-25,0,0
ACADIAN,2001-12-26,0,0
ACADIAN,2001-12-27,0,0
ACADIAN,2001-12-28,0,0
ACADIAN,2001-12-29,-36234,0
ACADIAN,2001-12-30,-36234,0
ACADIAN,2001-12-31,-36234,0
ACADIAN,2002-01-01,-36234,0
ACADIAN,2002-01-02,-59355,0
ACADIAN,2002-01-03,-96421,0
ACADIAN,2002-01-04,-96421,0
ACADIAN,2002-01-05,-98824,0
ACADIAN,2002-01-06,-98824,0
ACADIAN,2002-01-07,-98824,0
ACADIAN,2002-01-08,-98824,0
ACADIAN,2002-01-09,-66323,0
ACADIAN,2002-01-10,-96323,0
ACADIAN,2002-01-11,-61323,0
ACADIAN,2002-01-12,-13323,0
ACADIAN,2002-01-13,-13323,0
ACADIAN,2002-01-14,-13323,0
ACADIAN,2002-01-15,-13323,0
ACADIAN,2002-01-16,0,0
ACADIAN,2002-01-17,-17823,0
ACADIAN,2002-01-18,-16323,0
ACADIAN,2002-01-19,-21323,0
ACADIAN,2002-01-20,-21323,0
ACADIAN,2002-01-21,-21323,0
ACADIAN,2002-01-22,-21323,0
ACADIAN,2002-01-23,-9323,0
ACADIAN,2002-01-24,0,0
ACADIAN,2002-01-25,0,0
ACADIAN,2002-01-26,0,0
ACADIAN,2002-01-27,0,0
ACADIAN,2002-01-28,0,0
ACADIAN,2002-01-29,-30018,0
ACADIAN,2002-01-30,-30018,0
ACADIAN,2002-01-31,-51963,0
ACADIAN,2002-02-01,0,0
ACADIAN,2002-02-02,-25877,0
ACADIAN,2002-02-03,-25877,0
ACADIAN,2002-02-04,-25877,0
ACADIAN,2002-02-05,-25877,0
BRIDGELINE,2001-09-01,-85000,0
BRIDGELINE,2001-09-02,-85000,0
BRIDGELINE,2001-09-03,-85000,0
BRIDGELINE,2001-09-04,-85000,10735
BRIDGELINE,2001-09-05,-85000,73511
BRIDGELINE,2001-09-06,-85000,2750
BRIDGELINE,2001-09-07,-85000,78625
BRIDGELINE,2001-09-08,-85000,78625
BRIDGELINE,2001-09-09,-85000,78625
BRIDGELINE,2001-09-10,-85000,0
BRIDGELINE,2001-09-11,-85000,0
BRIDGELINE,2001-09-12,-85000,0
BRIDGELINE,2001-09-13,-85000,0
BRIDGELINE,2001-09-14,-85000,0
BRIDGELINE,2001-09-15,-85000,0
BRIDGELINE,2001-09-16,-85000,0
BRIDGELINE,2001-09-17,-85000,0
BRIDGELINE,2001-09-18,-85000,0
BRIDGELINE,2001-09-19,-85000,0
BRIDGELINE,2001-09-20,-85000,14000
BRIDGELINE,2001-09-21,-85000,17051
BRIDGELINE,2001-09-22,-85000,17051
BRIDGELINE,2001-09-23,-85000,17051
BRIDGELINE,2001-09-24,-85000,75547
BRIDGELINE,2001-09-25,-85000,75547
BRIDGELINE,2001-09-26,-85000,36000
BRIDGELINE,2001-09-27,-85000,80000
BRIDGELINE,2001-09-28,-85000,19000
BRIDGELINE,2001-09-29,-85000,80000
BRIDGELINE,2001-09-30,-85000,80000
BRIDGELINE,2001-10-01,-85000,80000
BRIDGELINE,2001-10-02,-85000,80000
BRIDGELINE,2001-10-03,-85000,0
BRIDGELINE,2001-10-04,-85000,13818
BRIDGELINE,2001-10-05,-85000,60000
BRIDGELINE,2001-10-06,-85000,40000
BRIDGELINE,2001-10-07,-85000,40000
BRIDGELINE,2001-10-08,-85000,40000
BRIDGELINE,2001-10-09,-85000,0
BRIDGELINE,2001-10-10,-85000,12500
BRIDGELINE,2001-10-11,-85000,44831
BRIDGELINE,2001-10-12,-85000,27100
BRIDGELINE,2001-10-13,-85000,27100
BRIDGELINE,2001-10-14,-85000,27100
BRIDGELINE,2001-10-15,-85000,7663
BRIDGELINE,2001-10-16,-85000,7663
BRIDGELINE,2001-10-17,-85000,0
BRIDGELINE,2001-10-18,-85000,1000
BRIDGELINE,2001-10-19,-85000,20000
BRIDGELINE,2001-10-20,-85000,20000
BRIDGELINE,2001-10-21,-85000,20000
BRIDGELINE,2001-10-22,-85000,0
BRIDGELINE,2001-10-23,-85000,80000
BRIDGELINE,2001-10-24,-85000,80000
BRIDGELINE,2001-10-25,-85000,8000
BRIDGELINE,2001-10-26,-38968,61122
BRIDGELINE,2001-10-27,-85000,50000
BRIDGELINE,2001-10-28,-85000,50000
BRIDGELINE,2001-10-29,-85000,22123
BRIDGELINE,2001-10-30,-85000,22123
BRIDGELINE,2001-10-31,-85000,80000
BRIDGELINE,2001-11-01,-85000,8213
BRIDGELINE,2001-11-02,-85000,0
BRIDGELINE,2001-11-03,-85000,0
BRIDGELINE,2001-11-04,-85000,0
BRIDGELINE,2001-11-05,-85000,0
BRIDGELINE,2001-11-06,-85000,0
BRIDGELINE,2001-11-07,-73501,59165
BRIDGELINE,2001-11-08,-85000,80000
BRIDGELINE,2001-11-09,-85000,80000
BRIDGELINE,2001-11-10,-85000,2700
BRIDGELINE,2001-11-11,-85000,2700
BRIDGELINE,2001-11-12,-85000,2700
BRIDGELINE,2001-11-13,-85000,80000
BRIDGELINE,2001-11-14,-85000,72715
BRIDGELINE,2001-11-15,-85000,53638
BRIDGELINE,2001-11-16,-85000,53638
BRIDGELINE,2001-11-17,-85000,80000
BRIDGELINE,2001-11-18,-85000,80000
BRIDGELINE,2001-11-19,-85000,80000
BRIDGELINE,2001-11-20,-85000,80000
BRIDGELINE,2001-11-21,-85000,80000
BRIDGELINE,2001-11-22,-85000,80000
BRIDGELINE,2001-11-23,-85000,80000
BRIDGELINE,2001-11-24,-85000,32749
BRIDGELINE,2001-11-25,-85000,32749
BRIDGELINE,2001-11-26,-85000,32749
BRIDGELINE,2001-11-27,-85000,32749
BRIDGELINE,2001-11-28,-85000,67071
BRIDGELINE,2001-11-29,-85000,80000
BRIDGELINE,2001-11-30,-85000,80000
BRIDGELINE,2001-12-01,-85000,80000
BRIDGELINE,2001-12-02,-85000,80000
BRIDGELINE,2001-12-03,-85000,80000
BRIDGELINE,2001-12-04,-85000,0
BRIDGELINE,2001-12-05,-85000,0
BRIDGELINE,2001-12-06,-85000,0
BRIDGELINE,2001-12-07,-85000,54500
BRIDGELINE,2001-12-08,-85000,0
BRIDGELINE,2001-12-09,-85000,0
BRIDGELINE,2001-12-10,-85000,0
BRIDGELINE,2001-12-11,-85000,0
BRIDGELINE,2001-12-12,-85000,11010
BRIDGELINE,2001-12-13,-85000,26559
BRIDGELINE,2001-12-14,-85000,11010
BRIDGELINE,2001-12-15,-85000,11066
BRIDGELINE,2001-12-16,-85000,11066
BRIDGELINE,2001-12-17,-85000,11066
BRIDGELINE,2001-12-18,-85000,11066
BRIDGELINE,2001-12-19,-85000,2631
BRIDGELINE,2001-12-20,-85000,12839
BRIDGELINE,2001-12-21,-85000,36381
BRIDGELINE,2001-12-22,-85000,21731
BRIDGELINE,2001-12-23,-85000,21731
BRIDGELINE,2001-12-24,-85000,21731
BRIDGELINE,2001-12-25,-85000,21731
BRIDGELINE,2001-12-26,-85000,21731
BRIDGELINE,2001-12-27,-85000,21731
BRIDGELINE,2001-12-28,-85000,21731
BRIDGELINE,2001-12-29,-85000,0
BRIDGELINE,2001-12-30,-85000,0
BRIDGELINE,2001-12-31,-85000,0
BRIDGELINE,2002-01-01,-85000,0
BRIDGELINE,2002-01-02,-85000,9000
BRIDGELINE,2002-01-03,-85000,16000
BRIDGELINE,2002-01-04,-85000,16000
BRIDGELINE,2002-01-05,-85000,28500
BRIDGELINE,2002-01-06,-85000,28500
BRIDGELINE,2002-01-07,-85000,28500
BRIDGELINE,2002-01-08,-85000,28500
BRIDGELINE,2002-01-09,-85000,44423
BRIDGELINE,2002-01-10,-85000,23000
BRIDGELINE,2002-01-11,-85000,20000
BRIDGELINE,2002-01-12,-85000,0
BRIDGELINE,2002-01-13,-85000,0
BRIDGELINE,2002-01-14,-85000,0
BRIDGELINE,2002-01-15,-85000,0
BRIDGELINE,2002-01-16,-85000,31000
BRIDGELINE,2002-01-17,-85000,0
BRIDGELINE,2002-01-18,-85000,40000
BRIDGELINE,2002-01-19,-85000,8714
BRIDGELINE,2002-01-20,-85000,8714
BRIDGELINE,2002-01-21,-85000,8714
BRIDGELINE,2002-01-22,-85000,8714
BRIDGELINE,2002-01-23,-85000,7714
BRIDGELINE,2002-01-24,-85000,12714
BRIDGELINE,2002-01-25,-85000,714
BRIDGELINE,2002-01-26,-85000,2714
BRIDGELINE,2002-01-27,-85000,2714
BRIDGELINE,2002-01-28,-85000,2714
BRIDGELINE,2002-01-29,-85000,714
BRIDGELINE,2002-01-30,-85000,714
BRIDGELINE,2002-01-31,-85000,714
BRIDGELINE,2002-02-01,-85000,0
BRIDGELINE,2002-02-02,-85000,7000
BRIDGELINE,2002-02-03,-85000,7000
BRIDGELINE,2002-02-04,-85000,7000
BRIDGELINE,2002-02-05,-85000,7000
COLUMBIA GULF,2001-09-01,-15,37
COLUMBIA GULF,2001-09-02,-15,37
COLUMBIA GULF,2001-09-03,-15,37
COLUMBIA GULF,2001-09-04,-4723,18331
COLUMBIA GULF,2001-09-05,-57701,0
COLUMBIA GULF,2001-09-06,-6002,0
COLUMBIA GULF,2001-09-07,-1659,0
COLUMBIA GULF,2001-09-08,-1659,0
COLUMBIA GULF,2001-09-09,-1659,0
COLUMBIA GULF,2001-09-10,-29619,99303
COLUMBIA GULF,2001-09-11,-30,0
COLUMBIA GULF,2001-09-12,-30,0
COLUMBIA GULF,2001-09-13,-30,0
COLUMBIA GULF,2001-09-14,-30,0
COLUMBIA GULF,2001-09-15,-10070,7572
COLUMBIA GULF,2001-09-16,-10070,7572
COLUMBIA GULF,2001-09-17,-10070,7572
COLUMBIA GULF,2001-09-18,-10070,7572
COLUMBIA GULF,2001-09-19,-23749,0
COLUMBIA GULF,2001-09-20,-20,0
COLUMBIA GULF,2001-09-21,0,0
COLUMBIA GULF,2001-09-22,0,0
COLUMBIA GULF,2001-09-23,0,0
COLUMBIA GULF,2001-09-24,-13833,0
COLUMBIA GULF,2001-09-25,-13833,0
COLUMBIA GULF,2001-09-26,-30,0
COLUMBIA GULF,2001-09-27,0,0
COLUMBIA GULF,2001-09-28,-29798,0
COLUMBIA GULF,2001-09-29,-33081,0
COLUMBIA GULF,2001-09-30,-33081,0
COLUMBIA GULF,2001-10-01,-33081,0
COLUMBIA GULF,2001-10-02,-33081,0
COLUMBIA GULF,2001-10-03,-94173,1
COLUMBIA GULF,2001-10-04,-10029,1
COLUMBIA GULF,2001-10-05,-150304,17143
COLUMBIA GULF,2001-10-06,-30,1
COLUMBIA GULF,2001-10-07,-30,1
COLUMBIA GULF,2001-10-08,-30,1
COLUMBIA GULF,2001-10-09,-47030,7
COLUMBIA GULF,2001-10-10,-33,45001
COLUMBIA GULF,2001-10-11,-11628,1
COLUMBIA GULF,2001-10-12,-18478,1
COLUMBIA GULF,2001-10-13,-18478,1
COLUMBIA GULF,2001-10-14,-18478,1
COLUMBIA GULF,2001-10-15,-33,1
COLUMBIA GULF,2001-10-16,-33,1
COLUMBIA GULF,2001-10-17,-13011,1
COLUMBIA GULF,2001-10-18,-47169,1
COLUMBIA GULF,2001-10-19,-49106,20001
COLUMBIA GULF,2001-10-20,-49106,20001
COLUMBIA GULF,2001-10-21,-49106,20001
COLUMBIA GULF,2001-10-22,-70157,17501
COLUMBIA GULF,2001-10-23,-890,8350
COLUMBIA GULF,2001-10-24,-890,8350
COLUMBIA GULF,2001-10-25,-60100,1
COLUMBIA GULF,2001-10-26,-96852,2965
COLUMBIA GULF,2001-10-27,-165000,10001
COLUMBIA GULF,2001-10-28,-165000,10001
COLUMBIA GULF,2001-10-29,-86740,1
COLUMBIA GULF,2001-10-30,-86740,1
COLUMBIA GULF,2001-10-31,-148694,1
COLUMBIA GULF,2001-11-01,-10030,1
COLUMBIA GULF,2001-11-02,-10000,10018
COLUMBIA GULF,2001-11-03,0,22202
COLUMBIA GULF,2001-11-04,0,22202
COLUMBIA GULF,2001-11-05,0,22202
COLUMBIA GULF,2001-11-06,0,22202
COLUMBIA GULF,2001-11-07,-70105,4
COLUMBIA GULF,2001-11-08,-42333,10002
COLUMBIA GULF,2001-11-09,-42333,10002
COLUMBIA GULF,2001-11-10,-4082,32004
COLUMBIA GULF,2001-11-11,-4082,32004
COLUMBIA GULF,2001-11-12,-4082,32004
COLUMBIA GULF,2001-11-13,-34470,1
COLUMBIA GULF,2001-11-14,-17409,2502
COLUMBIA GULF,2001-11-15,-29,3
COLUMBIA GULF,2001-11-16,-29,3
COLUMBIA GULF,2001-11-17,-10044,1
COLUMBIA GULF,2001-11-18,-10044,1
COLUMBIA GULF,2001-11-19,-10044,1
COLUMBIA GULF,2001-11-20,-10044,1
COLUMBIA GULF,2001-11-21,-12211,5
COLUMBIA GULF,2001-11-22,-43399,0
COLUMBIA GULF,2001-11-23,-43399,0
COLUMBIA GULF,2001-11-24,-50877,10001
COLUMBIA GULF,2001-11-25,-50877,10001
COLUMBIA GULF,2001-11-26,-50877,10001
COLUMBIA GULF,2001-11-27,-50877,10001
COLUMBIA GULF,2001-11-28,-4045,20003
COLUMBIA GULF,2001-11-29,-10000,3051
COLUMBIA GULF,2001-11-30,-10000,3051
COLUMBIA GULF,2001-12-01,-34712,22054
COLUMBIA GULF,2001-12-02,-34712,22054
COLUMBIA GULF,2001-12-03,-34712,22054
COLUMBIA GULF,2001-12-04,-17782,1102
COLUMBIA GULF,2001-12-05,-6860,2
COLUMBIA GULF,2001-12-06,-23865,1013
COLUMBIA GULF,2001-12-07,-5041,0
COLUMBIA GULF,2001-12-08,-29136,9850
COLUMBIA GULF,2001-12-09,-29136,9850
COLUMBIA GULF,2001-12-10,-29136,9850
COLUMBIA GULF,2001-12-11,-29136,9850
COLUMBIA GULF,2001-12-12,-26,11929
COLUMBIA GULF,2001-12-13,-215,44973
COLUMBIA GULF,2001-12-14,-693,28555
COLUMBIA GULF,2001-12-15,-15,55
COLUMBIA GULF,2001-12-16,-15,55
COLUMBIA GULF,2001-12-17,-15,55
COLUMBIA GULF,2001-12-18,-15,55
COLUMBIA GULF,2001-12-19,-258,7000
COLUMBIA GULF,2001-12-20,-1258,5000
COLUMBIA GULF,2001-12-21,-2354,0
COLUMBIA GULF,2001-12-22,-18806,0
COLUMBIA GULF,2001-12-23,-18806,0
COLUMBIA GULF,2001-12-24,-18806,0
COLUMBIA GULF,2001-12-25,-18806,0
COLUMBIA GULF,2001-12-26,-18806,0
COLUMBIA GULF,2001-12-27,-18806,0
COLUMBIA GULF,2001-12-28,-18806,0
COLUMBIA GULF,2001-12-29,-67378,5
COLUMBIA GULF,2001-12-30,-67378,5
COLUMBIA GULF,2001-12-31,-67378,5
COLUMBIA GULF,2002-01-01,-67378,5
COLUMBIA GULF,2002-01-02,-39210,68
COLUMBIA GULF,2002-01-03,-73027,1
COLUMBIA GULF,2002-01-04,-73027,1
COLUMBIA GULF,2002-01-05,-146981,0
COLUMBIA GULF,2002-01-06,-146981,0
COLUMBIA GULF,2002-01-07,-146981,0
COLUMBIA GULF,2002-01-08,-146981,0
COLUMBIA GULF,2002-01-09,-40083,0
COLUMBIA GULF,2002-01-10,-45099,0
COLUMBIA GULF,2002-01-11,-73537,0
COLUMBIA GULF,2002-01-12,-28883,1
COLUMBIA GULF,2002-01-13,-28883,1
COLUMBIA GULF,2002-01-14,-28883,1
COLUMBIA GULF,2002-01-15,-28883,1
COLUMBIA GULF,2002-01-16,-23826,1
COLUMBIA GULF,2002-01-17,-2114,1
COLUMBIA GULF,2002-01-18,-4054,1
COLUMBIA GULF,2002-01-19,-52962,1
COLUMBIA GULF,2002-01-20,-52962,1
COLUMBIA GULF,2002-01-21,-52962,1
COLUMBIA GULF,2002-01-22,-52962,1
COLUMBIA GULF,2002-01-23,-120360,1
COLUMBIA GULF,2002-01-24,-15780,1
COLUMBIA GULF,2002-01-25,-13065,1
COLUMBIA GULF,2002-01-26,-12872,1
COLUMBIA GULF,2002-01-27,-12872,1
COLUMBIA GULF,2002-01-28,-12872,1
COLUMBIA GULF,2002-01-29,-15989,0
COLUMBIA GULF,2002-01-30,-15989,0
COLUMBIA GULF,2002-01-31,-564,1
COLUMBIA GULF,2002-02-01,-11202,30206
COLUMBIA GULF,2002-02-02,-28933,0
COLUMBIA GULF,2002-02-03,-28933,0
COLUMBIA GULF,2002-02-04,-28933,0
COLUMBIA GULF,2002-02-05,-28933,0
DIGCO,2001-09-01,0,0
DIGCO,2001-09-02,0,0
DIGCO,2001-09-03,0,0
DIGCO,2001-09-04,0,0
DIGCO,2001-09-05,0,0
DIGCO,2001-09-06,0,0
DIGCO,2001-09-07,0,0
DIGCO,2001-09-08,0,0
DIGCO,2001-09-09,0,0
DIGCO,2001-09-10,0,0
DIGCO,2001-09-11,0,0
DIGCO,2001-09-12,0,0
DIGCO,2001-09-13,0,0
DIGCO,2001-09-14,0,0
DIGCO,2001-09-15,0,0
DIGCO,2001-09-16,0,0
DIGCO,2001-09-17,0,0
DIGCO,2001-09-18,0,0
DIGCO,2001-09-19,0,0
DIGCO,2001-09-20,0,0
DIGCO,2001-09-21,0,0
DIGCO,2001-09-22,0,0
DIGCO,2001-09-23,0,0
DIGCO,2001-09-24,0,0
DIGCO,2001-09-25,0,0
DIGCO,2001-09-26,0,0
DIGCO,2001-09-27,0,0
DIGCO,2001-09-28,0,0
DIGCO,2001-09-29,0,0
DIGCO,2001-09-30,0,0
DIGCO,2001-10-01,0,0
DIGCO,2001-10-02,0,0
DIGCO,2001-10-03,0,0
DIGCO,2001-10-04,0,0
DIGCO,2001-10-05,0,0
DIGCO,2001-10-06,0,0
DIGCO,2001-10-07,0,0
DIGCO,2001-10-08,0,0
DIGCO,2001-10-09,0,0
DIGCO,2001-10-10,0,0
DIGCO,2001-10-11,0,0
DIGCO,2001-10-12,0,0
DIGCO,2001-10-13,0,0
DIGCO,2001-10-14,0,0
DIGCO,2001-10-15,0,0
DIGCO,2001-10-16,0,0
DIGCO,2001-10-17,0,0
DIGCO,2001-10-18,0,0
DIGCO,2001-10-19,0,0
DIGCO,2001-10-20,0,0
DIGCO,2001-10-21,0,0
DIGCO,2001-10-22,0,0
DIGCO,2001-10-23,0,0
DIGCO,2001-10-24,0,0
DIGCO,2001-10-25,0,0
DIGCO,2001-10-26,0,0
DIGCO,2001-10-27,0,0
DIGCO,2001-10-28,0,0
DIGCO,2001-10-29,0,0
DIGCO,2001-10-30,0,0
DIGCO,2001-10-31,0,0
DIGCO,2001-11-01,0,0
DIGCO,2001-11-02,0,0
DIGCO,2001-11-03,0,0
DIGCO,2001-11-04,0,0
DIGCO,2001-11-05,0,0
DIGCO,2001-11-06,0,0
DIGCO,2001-11-07,0,0
DIGCO,2001-11-08,0,0
DIGCO,2001-11-09,0,0
DIGCO,2001-11-10,0,0
DIGCO,2001-11-11,0,0
DIGCO,2001-11-12,0,0
DIGCO,2001-11-13,0,0
DIGCO,2001-11-14,0,0
DIGCO,2001-11-15,0,0
DIGCO,2001-11-16,0,0
DIGCO,2001-11-17,0,0
DIGCO,2001-11-18,0,0
DIGCO,2001-11-19,0,0
DIGCO,2001-11-20,0,0
DIGCO,2001-11-21,0,0
DIGCO,2001-11-22,0,0
DIGCO,2001-11-23,0,0
DIGCO,2001-11-24,0,0
DIGCO,2001-11-25,0,0
DIGCO,2001-11-26,0,0
DIGCO,2001-11-27,0,0
DIGCO,2001-11-28,0,0
DIGCO,2001-11-29,0,0
DIGCO,2001-11-30,0,0
DIGCO,2001-12-01,0,0
DIGCO,2001-12-02,0,0
DIGCO,2001-12-03,0,0
DIGCO,2001-12-04,0,0
DIGCO,2001-12-05,0,0
DIGCO,2001-12-06,0,0
DIGCO,2001-12-07,0,0
DIGCO,2001-12-08,0,0
DIGCO,2001-12-09,0,0
DIGCO,2001-12-10,0,0
DIGCO,2001-12-11,0,0
DIGCO,2001-12-12,0,0
DIGCO,2001-12-13,0,0
DIGCO,2001-12-14,0,0
DIGCO,2001-12-15,0,0
DIGCO,2001-12-16,0,0
DIGCO,2001-12-17,0,0
DIGCO,2001-12-18,0,0
DIGCO,2001-12-19,0,0
DIGCO,2001-12-20,0,0
DIGCO,2001-12-21,0,0
DIGCO,2001-12-22,0,0
DIGCO,2001-12-23,0,0
DIGCO,2001-12-24,0,0
DIGCO,2001-12-25,0,0
DIGCO,2001-12-26,0,0
DIGCO,2001-12-27,0,0
DIGCO,2001-12-28,0,0
DIGCO,2001-12-29,0,0
DIGCO,2001-12-30,0,0
DIGCO,2001-12-31,0,0
DIGCO,2002-01-01,0,0
DIGCO,2002-01-02,0,0
DIGCO,2002-01-03,0,0
DIGCO,2002-01-04,0,0
DIGCO,2002-01-05,0,0
DIGCO,2002-01-06,0,0
DIGCO,2002-01-07,0,0
DIGCO,2002-01-08,0,0
DIGCO,2002-01-09,0,0
DIGCO,2002-01-10,0,0
DIGCO,2002-01-11,0,0
DIGCO,2002-01-12,0,0
DIGCO,2002-01-13,0,0
DIGCO,2002-01-14,0,0
DIGCO,2002-01-15,0,0
DIGCO,2002-01-16,0,0
DIGCO,2002-01-17,0,0
DIGCO,2002-01-18,0,0
DIGCO,2002-01-19,0,0
DIGCO,2002-01-20,0,0
DIGCO,2002-01-21,0,0
DIGCO,2002-01-22,0,0
DIGCO,2002-01-23,0,0
DIGCO,2002-01-24,0,0
DIGCO,2002-01-25,0,0
DIGCO,2002-01-26,0,0
DIGCO,2002-01-27,0,0
DIGCO,2002-01-28,0,0
DIGCO,2002-01-29,0,0
DIGCO,2002-01-30,0,0
DIGCO,2002-01-31,0,0
DIGCO,2002-02-01,0,0
DIGCO,2002-02-02,0,0
DIGCO,2002-02-03,0,0
DIGCO,2002-02-04,0,0
DIGCO,2002-02-05,0,0
GULF SOUTH,2001-09-01,-231939,70073
GULF SOUTH,2001-09-02,-231939,70073
GULF SOUTH,2001-09-03,-231939,70073
GULF SOUTH,2001-09-04,-176445,137150
GULF SOUTH,2001-09-05,-179954,87830
GULF SOUTH,2001-09-06,-135477,56857
GULF SOUTH,2001-09-07,-121165,60538
GULF SOUTH,2001-09-08,-121165,60538
GULF SOUTH,2001-09-09,-121165,60538
GULF SOUTH,2001-09-10,-86832,103704
GULF SOUTH,2001-09-11,-145832,100581
GULF SOUTH,2001-09-12,-145832,100581
GULF SOUTH,2001-09-13,-145832,88773
GULF SOUTH,2001-09-14,-167799,88143
GULF SOUTH,2001-09-15,-125887,87143
GULF SOUTH,2001-09-16,-125887,87143
GULF SOUTH,2001-09-17,-125887,87143
GULF SOUTH,2001-09-18,-125887,87143
GULF SOUTH,2001-09-19,-90621,81273
GULF SOUTH,2001-09-20,-144954,73733
GULF SOUTH,2001-09-21,-140889,76569
GULF SOUTH,2001-09-22,-140889,76569
GULF SOUTH,2001-09-23,-140889,76569
GULF SOUTH,2001-09-24,-129621,96252
GULF SOUTH,2001-09-25,-129621,96252
GULF SOUTH,2001-09-26,-333121,74593
GULF SOUTH,2001-09-27,-212178,72625
GULF SOUTH,2001-09-28,-145881,72625
GULF SOUTH,2001-09-29,-131665,83616
GULF SOUTH,2001-09-30,-131665,83616
GULF SOUTH,2001-10-01,-131665,83616
GULF SOUTH,2001-10-02,-131665,83616
GULF SOUTH,2001-10-03,-63355,47187
GULF SOUTH,2001-10-04,-106955,65495
GULF SOUTH,2001-10-05,-51408,99103
GULF SOUTH,2001-10-06,-74551,88651
GULF SOUTH,2001-10-07,-74551,88651
GULF SOUTH,2001-10-08,-74551,88651
GULF SOUTH,2001-10-09,-58455,88113
GULF SOUTH,2001-10-10,-54315,75113
GULF SOUTH,2001-10-11,-69070,104260
GULF SOUTH,2001-10-12,-58392,161069
GULF SOUTH,2001-10-13,-58392,161069
GULF SOUTH,2001-10-14,-58392,161069
GULF SOUTH,2001-10-15,-38745,209782
GULF SOUTH,2001-10-16,-38745,209782
GULF SOUTH,2001-10-17,-35745,154032
GULF SOUTH,2001-10-18,-66423,337722
GULF SOUTH,2001-10-19,-43245,277219
GULF SOUTH,2001-10-20,-43245,277219
GULF SOUTH,2001-10-21,-43245,277219
GULF SOUTH,2001-10-22,-84050,68313
GULF SOUTH,2001-10-23,-75701,81634
GULF SOUTH,2001-10-24,-75701,81634
GULF SOUTH,2001-10-25,-78026,151384
GULF SOUTH,2001-10-26,-43683,221214
GULF SOUTH,2001-10-27,-35993,224786
GULF SOUTH,2001-10-28,-35993,224786
GULF SOUTH,2001-10-29,-85134,103528
GULF SOUTH,2001-10-30,-85134,103528
GULF SOUTH,2001-10-31,-75072,159715
GULF SOUTH,2001-11-01,-85614,87494
GULF SOUTH,2001-11-02,-146705,81445
GULF SOUTH,2001-11-03,-172779,89161
GULF SOUTH,2001-11-04,-172779,89161
GULF SOUTH,2001-11-05,-172779,89161
GULF SOUTH,2001-11-06,-172779,89161
GULF SOUTH,2001-11-07,-108127,58231
GULF SOUTH,2001-11-08,-79286,61531
GULF SOUTH,2001-11-09,-79286,61531
GULF SOUTH,2001-11-10,-110144,117196
GULF SOUTH,2001-11-11,-110144,117196
GULF SOUTH,2001-11-12,-110144,117196
GULF SOUTH,2001-11-13,-171379,73397
GULF SOUTH,2001-11-14,-123898,66098
GULF SOUTH,2001-11-15,-240112,86794
GULF SOUTH,2001-11-16,-240112,86794
GULF SOUTH,2001-11-17,-275579,73575
GULF SOUTH,2001-11-18,-275579,73575
GULF SOUTH,2001-11-19,-275579,73575
GULF SOUTH,2001-11-20,-275579,73575
GULF SOUTH,2001-11-21,-254208,60368
GULF SOUTH,2001-11-22,-135546,86169
GULF SOUTH,2001-11-23,-135546,86169
GULF SOUTH,2001-11-24,-136512,132418
GULF SOUTH,2001-11-25,-136512,132418
GULF SOUTH,2001-11-26,-136512,132418
GULF SOUTH,2001-11-27,-136512,132418
GULF SOUTH,2001-11-28,-180294,275945
GULF SOUTH,2001-11-29,-117612,147574
GULF SOUTH,2001-11-30,-117612,147574
GULF SOUTH,2001-12-01,-208869,134384
GULF SOUTH,2001-12-02,-208869,134384
GULF SOUTH,2001-12-03,-208869,134384
GULF SOUTH,2001-12-04,-62838,98689
GULF SOUTH,2001-12-05,-32285,129701
GULF SOUTH,2001-12-06,-44293,371331
GULF SOUTH,2001-12-07,-54879,51497
GULF SOUTH,2001-12-08,-25809,73301
GULF SOUTH,2001-12-09,-25809,73301
GULF SOUTH,2001-12-10,-25809,73301
GULF SOUTH,2001-12-11,-25809,73301
GULF SOUTH,2001-12-12,-136031,151709
GULF SOUTH,2001-12-13,-64964,142192
GULF SOUTH,2001-12-14,-85653,175349
GULF SOUTH,2001-12-15,-136627,146345
GULF SOUTH,2001-12-16,-136627,146345
GULF SOUTH,2001-12-17,-136627,146345
GULF SOUTH,2001-12-18,-136627,146345
GULF SOUTH,2001-12-19,-105978,138843
GULF SOUTH,2001-12-20,-44005,54641
GULF SOUTH,2001-12-21,-79498,47582
GULF SOUTH,2001-12-22,-37522,49082
GULF SOUTH,2001-12-23,-37522,49082
GULF SOUTH,2001-12-24,-37522,49082
GULF SOUTH,2001-12-25,-37522,49082
GULF SOUTH,2001-12-26,-37522,49082
GULF SOUTH,2001-12-27,-37522,49082
GULF SOUTH,2001-12-28,-37522,49082
GULF SOUTH,2001-12-29,-60805,44166
GULF SOUTH,2001-12-30,-60805,44166
GULF SOUTH,2001-12-31,-60805,44166
GULF SOUTH,2002-01-01,-60805,44166
GULF SOUTH,2002-01-02,-71063,92789
GULF SOUTH,2002-01-03,-142227,66476
GULF SOUTH,2002-01-04,-142227,66476
GULF SOUTH,2002-01-05,-55747,94754
GULF SOUTH,2002-01-06,-55747,94754
GULF SOUTH,2002-01-07,-55747,94754
GULF SOUTH,2002-01-08,-55747,94754
GULF SOUTH,2002-01-09,-88778,145747
GULF SOUTH,2002-01-10,-62723,76834
GULF SOUTH,2002-01-11,-67765,66050
GULF SOUTH,2002-01-12,-84346,71050
GULF SOUTH,2002-01-13,-84346,71050
GULF SOUTH,2002-01-14,-84346,71050
GULF SOUTH,2002-01-15,-84346,71050
GULF SOUTH,2002-01-16,-72590,101618
GULF SOUTH,2002-01-17,-59211,118418
GULF SOUTH,2002-01-18,-55471,62415
GULF SOUTH,2002-01-19,-79111,111402
GULF SOUTH,2002-01-20,-79111,111402
GULF SOUTH,2002-01-21,-79111,111402
GULF SOUTH,2002-01-22,-79111,111402
GULF SOUTH,2002-01-23,-65875,115683
GULF SOUTH,2002-01-24,-78737,60147
GULF SOUTH,2002-01-25,-89435,25906
GULF SOUTH,2002-01-26,-71333,36513
GULF SOUTH,2002-01-27,-71333,36513
GULF SOUTH,2002-01-28,-71333,36513
GULF SOUTH,2002-01-29,-79820,30987
GULF SOUTH,2002-01-30,-79820,30987
GULF SOUTH,2002-01-31,-72242,59067
GULF SOUTH,2002-02-01,-79443,29317
GULF SOUTH,2002-02-02,-13239,75634
GULF SOUTH,2002-02-03,-13239,75634
GULF SOUTH,2002-02-04,-13239,75634
GULF SOUTH,2002-02-05,-13239,75634
JEFFERSON ISLAND,2001-09-01,0,22000
JEFFERSON ISLAND,2001-09-02,0,22000
JEFFERSON ISLAND,2001-09-03,0,22000
JEFFERSON ISLAND,2001-09-04,0,0
JEFFERSON ISLAND,2001-09-05,0,82501
JEFFERSON ISLAND,2001-09-06,0,0
JEFFERSON ISLAND,2001-09-07,0,0
JEFFERSON ISLAND,2001-09-08,0,0
JEFFERSON ISLAND,2001-09-09,0,0
JEFFERSON ISLAND,2001-09-10,0,0
JEFFERSON ISLAND,2001-09-11,0,5001
JEFFERSON ISLAND,2001-09-12,0,5001
JEFFERSON ISLAND,2001-09-13,0,5001
JEFFERSON ISLAND,2001-09-14,0,59953
JEFFERSON ISLAND,2001-09-15,0,0
JEFFERSON ISLAND,2001-09-16,0,0
JEFFERSON ISLAND,2001-09-17,0,0
JEFFERSON ISLAND,2001-09-18,0,0
JEFFERSON ISLAND,2001-09-19,0,0
JEFFERSON ISLAND,2001-09-20,0,134630
JEFFERSON ISLAND,2001-09-21,0,78401
JEFFERSON ISLAND,2001-09-22,0,78401
JEFFERSON ISLAND,2001-09-23,0,78401
JEFFERSON ISLAND,2001-09-24,0,0
JEFFERSON ISLAND,2001-09-25,0,0
JEFFERSON ISLAND,2001-09-26,0,163201
JEFFERSON ISLAND,2001-09-27,0,101720
JEFFERSON ISLAND,2001-09-28,0,77806
JEFFERSON ISLAND,2001-09-29,0,0
JEFFERSON ISLAND,2001-09-30,0,0
JEFFERSON ISLAND,2001-10-01,0,0
JEFFERSON ISLAND,2001-10-02,0,0
JEFFERSON ISLAND,2001-10-03,0,0
JEFFERSON ISLAND,2001-10-04,0,119019
JEFFERSON ISLAND,2001-10-05,0,7500
JEFFERSON ISLAND,2001-10-06,0,7500
JEFFERSON ISLAND,2001-10-07,0,7500
JEFFERSON ISLAND,2001-10-08,0,7500
JEFFERSON ISLAND,2001-10-09,0,0
JEFFERSON ISLAND,2001-10-10,0,2000
JEFFERSON ISLAND,2001-10-11,0,7500
JEFFERSON ISLAND,2001-10-12,0,7500
JEFFERSON ISLAND,2001-10-13,0,7500
JEFFERSON ISLAND,2001-10-14,0,7500
JEFFERSON ISLAND,2001-10-15,0,0
JEFFERSON ISLAND,2001-10-16,0,0
JEFFERSON ISLAND,2001-10-17,0,0
JEFFERSON ISLAND,2001-10-18,0,99026
JEFFERSON ISLAND,2001-10-19,0,17500
JEFFERSON ISLAND,2001-10-20,0,17500
JEFFERSON ISLAND,2001-10-21,0,17500
JEFFERSON ISLAND,2001-10-22,0,222641
JEFFERSON ISLAND,2001-10-23,0,0
JEFFERSON ISLAND,2001-10-24,0,0
JEFFERSON ISLAND,2001-10-25,0,123197
JEFFERSON ISLAND,2001-10-26,0,0
JEFFERSON ISLAND,2001-10-27,0,7500
JEFFERSON ISLAND,2001-10-28,0,7500
JEFFERSON ISLAND,2001-10-29,0,0
JEFFERSON ISLAND,2001-10-30,0,0
JEFFERSON ISLAND,2001-10-31,0,0
JEFFERSON ISLAND,2001-11-01,0,129386
JEFFERSON ISLAND,2001-11-02,0,0
JEFFERSON ISLAND,2001-11-03,0,0
JEFFERSON ISLAND,2001-11-04,0,0
JEFFERSON ISLAND,2001-11-05,0,0
JEFFERSON ISLAND,2001-11-06,0,0
JEFFERSON ISLAND,2001-11-07,0,0
JEFFERSON ISLAND,2001-11-08,0,3200
JEFFERSON ISLAND,2001-11-09,0,3200
JEFFERSON ISLAND,2001-11-10,0,15000
JEFFERSON ISLAND,2001-11-11,0,15000
JEFFERSON ISLAND,2001-11-12,0,15000
JEFFERSON ISLAND,2001-11-13,0,4000
JEFFERSON ISLAND,2001-11-14,0,3000
JEFFERSON ISLAND,2001-11-15,0,0
JEFFERSON ISLAND,2001-11-16,0,0
JEFFERSON ISLAND,2001-11-17,0,5000
JEFFERSON ISLAND,2001-11-18,0,5000
JEFFERSON ISLAND,2001-11-19,0,5000
JEFFERSON ISLAND,2001-11-20,0,5000
JEFFERSON ISLAND,2001-11-21,0,7500
JEFFERSON ISLAND,2001-11-22,0,22500
JEFFERSON ISLAND,2001-11-23,0,22500
JEFFERSON ISLAND,2001-11-24,0,0
JEFFERSON ISLAND,2001-11-25,0,0
JEFFERSON ISLAND,2001-11-26,0,0
JEFFERSON ISLAND,2001-11-27,0,0
JEFFERSON ISLAND,2001-11-28,0,0
JEFFERSON ISLAND,2001-11-29,0,18000
JEFFERSON ISLAND,2001-11-30,0,18000
JEFFERSON ISLAND,2001-12-01,0,101923
JEFFERSON ISLAND,2001-12-02,0,101923
JEFFERSON ISLAND,2001-12-03,0,101923
JEFFERSON ISLAND,2001-12-04,0,26158
JEFFERSON ISLAND,2001-12-05,0,0
JEFFERSON ISLAND,2001-12-06,0,0
JEFFERSON ISLAND,2001-12-07,0,7000
JEFFERSON ISLAND,2001-12-08,0,0
JEFFERSON ISLAND,2001-12-09,0,0
JEFFERSON ISLAND,2001-12-10,0,0
JEFFERSON ISLAND,2001-12-11,0,0
JEFFERSON ISLAND,2001-12-12,0,3541
JEFFERSON ISLAND,2001-12-13,0,0
JEFFERSON ISLAND,2001-12-14,0,0
JEFFERSON ISLAND,2001-12-15,0,25579
JEFFERSON ISLAND,2001-12-16,0,25579
JEFFERSON ISLAND,2001-12-17,0,25579
JEFFERSON ISLAND,2001-12-18,0,25579
JEFFERSON ISLAND,2001-12-19,0,27024
JEFFERSON ISLAND,2001-12-20,0,25079
JEFFERSON ISLAND,2001-12-21,0,7500
JEFFERSON ISLAND,2001-12-22,0,7500
JEFFERSON ISLAND,2001-12-23,0,7500
JEFFERSON ISLAND,2001-12-24,0,7500
JEFFERSON ISLAND,2001-12-25,0,7500
JEFFERSON ISLAND,2001-12-26,0,7500
JEFFERSON ISLAND,2001-12-27,0,7500
JEFFERSON ISLAND,2001-12-28,0,7500
JEFFERSON ISLAND,2001-12-29,0,28324
JEFFERSON ISLAND,2001-12-30,0,28324
JEFFERSON ISLAND,2001-12-31,0,28324
JEFFERSON ISLAND,2002-01-01,0,28324
JEFFERSON ISLAND,2002-01-02,0,3000
JEFFERSON ISLAND,2002-01-03,0,147232
JEFFERSON ISLAND,2002-01-04,0,147232
JEFFERSON ISLAND,2002-01-05,0,250000
JEFFERSON ISLAND,2002-01-06,0,250000
JEFFERSON ISLAND,2002-01-07,0,250000
JEFFERSON ISLAND,2002-01-08,0,250000
JEFFERSON ISLAND,2002-01-09,0,74828
JEFFERSON ISLAND,2002-01-10,0,224700
JEFFERSON ISLAND,2002-01-11,0,14500
JEFFERSON ISLAND,2002-01-12,0,0
JEFFERSON ISLAND,2002-01-13,0,0
JEFFERSON ISLAND,2002-01-14,0,0
JEFFERSON ISLAND,2002-01-15,0,0
JEFFERSON ISLAND,2002-01-16,0,0
JEFFERSON ISLAND,2002-01-17,0,0
JEFFERSON ISLAND,2002-01-18,0,7500
JEFFERSON ISLAND,2002-01-19,0,7500
JEFFERSON ISLAND,2002-01-20,0,7500
JEFFERSON ISLAND,2002-01-21,0,7500
JEFFERSON ISLAND,2002-01-22,0,7500
JEFFERSON ISLAND,2002-01-23,0,5000
JEFFERSON ISLAND,2002-01-24,0,7500
JEFFERSON ISLAND,2002-01-25,0,0
JEFFERSON ISLAND,2002-01-26,0,1000
JEFFERSON ISLAND,2002-01-27,0,1000
JEFFERSON ISLAND,2002-01-28,0,1000
JEFFERSON ISLAND,2002-01-29,0,148085
JEFFERSON ISLAND,2002-01-30,0,148085
JEFFERSON ISLAND,2002-01-31,0,201935
JEFFERSON ISLAND,2002-02-01,0,242501
JEFFERSON ISLAND,2002-02-02,0,7500
JEFFERSON ISLAND,2002-02-03,0,7500
JEFFERSON ISLAND,2002-02-04,0,7500
JEFFERSON ISLAND,2002-02-05,0,7500
MAINLINE,2001-09-01,0,110010
MAINLINE,2001-09-02,0,110010
MAINLINE,2001-09-03,0,110010
MAINLINE,2001-09-04,0,179375
MAINLINE,2001-09-05,0,142418
MAINLINE,2001-09-06,0,180000
MAINLINE,2001-09-07,0,108133
MAINLINE,2001-09-08,0,108133
MAINLINE,2001-09-09,0,108133
MAINLINE,2001-09-10,0,127210
MAINLINE,2001-09-11,0,101378
MAINLINE,2001-09-12,0,101378
MAINLINE,2001-09-13,0,101378
MAINLINE,2001-09-14,0,163326
MAINLINE,2001-09-15,0,122100
MAINLINE,2001-09-16,0,122100
MAINLINE,2001-09-17,0,122100
MAINLINE,2001-09-18,0,122100
MAINLINE,2001-09-19,0,151349
MAINLINE,2001-09-20,0,103317
MAINLINE,2001-09-21,0,119701
MAINLINE,2001-09-22,0,119701
MAINLINE,2001-09-23,0,119701
MAINLINE,2001-09-24,0,94746
MAINLINE,2001-09-25,0,94746
MAINLINE,2001-09-26,0,108093
MAINLINE,2001-09-27,-7500,94024
MAINLINE,2001-09-28,-7500,98757
MAINLINE,2001-09-29,0,129684
MAINLINE,2001-09-30,0,129684
MAINLINE,2001-10-01,0,129684
MAINLINE,2001-10-02,0,129684
MAINLINE,2001-10-03,0,156149
MAINLINE,2001-10-04,-3000,141610
MAINLINE,2001-10-05,-7500,154650
MAINLINE,2001-10-06,-7500,150150
MAINLINE,2001-10-07,-7500,150150
MAINLINE,2001-10-08,-7500,150150
MAINLINE,2001-10-09,0,112207
MAINLINE,2001-10-10,-2000,150388
MAINLINE,2001-10-11,-7500,110606
MAINLINE,2001-10-12,-7500,156606
MAINLINE,2001-10-13,-7500,156606
MAINLINE,2001-10-14,-7500,156606
MAINLINE,2001-10-15,0,180000
MAINLINE,2001-10-16,0,180000
MAINLINE,2001-10-17,0,98690
MAINLINE,2001-10-18,-2500,106089
MAINLINE,2001-10-19,-7500,90289
MAINLINE,2001-10-20,-7500,90289
MAINLINE,2001-10-21,-7500,90289
MAINLINE,2001-10-22,0,90953
MAINLINE,2001-10-23,0,95652
MAINLINE,2001-10-24,0,95652
MAINLINE,2001-10-25,0,91490
MAINLINE,2001-10-26,0,65760
MAINLINE,2001-10-27,-7500,96986
MAINLINE,2001-10-28,-7500,96986
MAINLINE,2001-10-29,0,79055
MAINLINE,2001-10-30,0,79055
MAINLINE,2001-10-31,-4945,0
MAINLINE,2001-11-01,-4945,31000
MAINLINE,2001-11-02,0,142563
MAINLINE,2001-11-03,0,180000
MAINLINE,2001-11-04,0,180000
MAINLINE,2001-11-05,0,180000
MAINLINE,2001-11-06,0,180000
MAINLINE,2001-11-07,0,107143
MAINLINE,2001-11-08,-3200,116530
MAINLINE,2001-11-09,-3200,116530
MAINLINE,2001-11-10,-1000,82563
MAINLINE,2001-11-11,-1000,82563
MAINLINE,2001-11-12,-1000,82563
MAINLINE,2001-11-13,-4000,120571
MAINLINE,2001-11-14,-3000,93924
MAINLINE,2001-11-15,0,180000
MAINLINE,2001-11-16,0,180000
MAINLINE,2001-11-17,-5000,171000
MAINLINE,2001-11-18,-5000,171000
MAINLINE,2001-11-19,-5000,171000
MAINLINE,2001-11-20,-5000,171000
MAINLINE,2001-11-21,-7500,128087
MAINLINE,2001-11-22,-7500,107106
MAINLINE,2001-11-23,-7500,107106
MAINLINE,2001-11-24,0,177825
MAINLINE,2001-11-25,0,177825
MAINLINE,2001-11-26,0,177825
MAINLINE,2001-11-27,0,177825
MAINLINE,2001-11-28,0,180000
MAINLINE,2001-11-29,-5000,109362
MAINLINE,2001-11-30,-5000,109362
MAINLINE,2001-12-01,0,137752
MAINLINE,2001-12-02,0,137752
MAINLINE,2001-12-03,0,137752
MAINLINE,2001-12-04,0,173488
MAINLINE,2001-12-05,0,167549
MAINLINE,2001-12-06,0,180000
MAINLINE,2001-12-07,-7000,180000
MAINLINE,2001-12-08,0,78719
MAINLINE,2001-12-09,0,78719
MAINLINE,2001-12-10,0,78719
MAINLINE,2001-12-11,0,78719
MAINLINE,2001-12-12,0,180000
MAINLINE,2001-12-13,0,180000
MAINLINE,2001-12-14,0,180000
MAINLINE,2001-12-15,0,129422
MAINLINE,2001-12-16,0,129422
MAINLINE,2001-12-17,0,129422
MAINLINE,2001-12-18,0,129422
MAINLINE,2001-12-19,0,115248
MAINLINE,2001-12-20,0,149154
MAINLINE,2001-12-21,-7500,90253
MAINLINE,2001-12-22,-7500,167753
MAINLINE,2001-12-23,-7500,167753
MAINLINE,2001-12-24,-7500,167753
MAINLINE,2001-12-25,-7500,167753
MAINLINE,2001-12-26,-7500,167753
MAINLINE,2001-12-27,-7500,167753
MAINLINE,2001-12-28,-7500,167753
MAINLINE,2001-12-29,0,180000
MAINLINE,2001-12-30,0,180000
MAINLINE,2001-12-31,0,180000
MAINLINE,2002-01-01,0,180000
MAINLINE,2002-01-02,-3000,178432
MAINLINE,2002-01-03,-6000,77447
MAINLINE,2002-01-04,-6000,77447
MAINLINE,2002-01-05,-2000,35096
MAINLINE,2002-01-06,-2000,35096
MAINLINE,2002-01-07,-2000,35096
MAINLINE,2002-01-08,-2000,35096
MAINLINE,2002-01-09,0,26692
MAINLINE,2002-01-10,-7500,28963
MAINLINE,2002-01-11,-7500,128108
MAINLINE,2002-01-12,0,160558
MAINLINE,2002-01-13,0,160558
MAINLINE,2002-01-14,0,160558
MAINLINE,2002-01-15,0,160558
MAINLINE,2002-01-16,0,119640
MAINLINE,2002-01-17,0,146893
MAINLINE,2002-01-18,-7500,170256
MAINLINE,2002-01-19,-7500,157156
MAINLINE,2002-01-20,-7500,157156
MAINLINE,2002-01-21,-7500,157156
MAINLINE,2002-01-22,-7500,157156
MAINLINE,2002-01-23,-5000,147527
MAINLINE,2002-01-24,-7500,172530
MAINLINE,2002-01-25,0,167627
MAINLINE,2002-01-26,-1000,118188
MAINLINE,2002-01-27,-1000,118188
MAINLINE,2002-01-28,-1000,118188
MAINLINE,2002-01-29,0,119220
MAINLINE,2002-01-30,0,119220
MAINLINE,2002-01-31,0,66444
MAINLINE,2002-02-01,0,123760
MAINLINE,2002-02-02,-7500,100733
MAINLINE,2002-02-03,-7500,100733
MAINLINE,2002-02-04,-7500,100733
MAINLINE,2002-02-05,-7500,100733
NGPL,2001-09-01,0,103543
NGPL,2001-09-02,0,103543
NGPL,2001-09-03,0,103543
NGPL,2001-09-04,0,100191
NGPL,2001-09-05,0,7791
NGPL,2001-09-06,0,63333
NGPL,2001-09-07,0,64533
NGPL,2001-09-08,0,64533
NGPL,2001-09-09,0,64533
NGPL,2001-09-10,0,92532
NGPL,2001-09-11,0,83819
NGPL,2001-09-12,0,83819
NGPL,2001-09-13,0,83819
NGPL,2001-09-14,0,38751
NGPL,2001-09-15,0,78791
NGPL,2001-09-16,0,78791
NGPL,2001-09-17,0,78791
NGPL,2001-09-18,0,78791
NGPL,2001-09-19,0,53523
NGPL,2001-09-20,0,58029
NGPL,2001-09-21,0,35501
NGPL,2001-09-22,0,35501
NGPL,2001-09-23,0,35501
NGPL,2001-09-24,0,8975
NGPL,2001-09-25,0,8975
NGPL,2001-09-26,0,98496
NGPL,2001-09-27,0,43495
NGPL,2001-09-28,0,27198
NGPL,2001-09-29,0,30198
NGPL,2001-09-30,0,30198
NGPL,2001-10-01,0,30198
NGPL,2001-10-02,0,30198
NGPL,2001-10-03,0,153958
NGPL,2001-10-04,0,593
NGPL,2001-10-05,0,154372
NGPL,2001-10-06,0,90090
NGPL,2001-10-07,0,90090
NGPL,2001-10-08,0,90090
NGPL,2001-10-09,0,200000
NGPL,2001-10-10,0,99446
NGPL,2001-10-11,0,69473
NGPL,2001-10-12,0,27531
NGPL,2001-10-13,0,27531
NGPL,2001-10-14,0,27531
NGPL,2001-10-15,0,59338
NGPL,2001-10-16,0,59338
NGPL,2001-10-17,0,130288
NGPL,2001-10-18,0,25981
NGPL,2001-10-19,0,32747
NGPL,2001-10-20,0,32747
NGPL,2001-10-21,0,32747
NGPL,2001-10-22,0,68273
NGPL,2001-10-23,0,36235
NGPL,2001-10-24,0,36235
NGPL,2001-10-25,0,3713
NGPL,2001-10-26,0,48785
NGPL,2001-10-27,0,177276
NGPL,2001-10-28,0,177276
NGPL,2001-10-29,0,200000
NGPL,2001-10-30,0,200000
NGPL,2001-10-31,0,106344
NGPL,2001-11-01,0,99645
NGPL,2001-11-02,0,150145
NGPL,2001-11-03,0,123373
NGPL,2001-11-04,0,123373
NGPL,2001-11-05,0,123373
NGPL,2001-11-06,0,123373
NGPL,2001-11-07,0,200000
NGPL,2001-11-08,0,154372
NGPL,2001-11-09,0,154372
NGPL,2001-11-10,0,200000
NGPL,2001-11-11,0,200000
NGPL,2001-11-12,0,200000
NGPL,2001-11-13,0,200000
NGPL,2001-11-14,0,200000
NGPL,2001-11-15,0,200000
NGPL,2001-11-16,0,200000
NGPL,2001-11-17,0,200000
NGPL,2001-11-18,0,200000
NGPL,2001-11-19,0,200000
NGPL,2001-11-20,0,200000
NGPL,2001-11-21,0,191020
NGPL,2001-11-22,0,200000
NGPL,2001-11-23,0,200000
NGPL,2001-11-24,-4000,128852
NGPL,2001-11-25,-4000,128852
NGPL,2001-11-26,-4000,128852
NGPL,2001-11-27,-4000,128852
NGPL,2001-11-28,-32914,32915
NGPL,2001-11-29,-29637,57915
NGPL,2001-11-30,-29637,57915
NGPL,2001-12-01,0,86171
NGPL,2001-12-02,0,86171
NGPL,2001-12-03,0,86171
NGPL,2001-12-04,0,13248
NGPL,2001-12-05,0,56474
NGPL,2001-12-06,-4900,21022
NGPL,2001-12-07,-5011,19976
NGPL,2001-12-08,0,200000
NGPL,2001-12-09,0,200000
NGPL,2001-12-10,0,200000
NGPL,2001-12-11,0,200000
NGPL,2001-12-12,0,131858
NGPL,2001-12-13,0,11967
NGPL,2001-12-14,-5611,32211
NGPL,2001-12-15,0,61929
NGPL,2001-12-16,0,61929
NGPL,2001-12-17,0,61929
NGPL,2001-12-18,0,61929
NGPL,2001-12-19,0,128994
NGPL,2001-12-20,0,56660
NGPL,2001-12-21,0,200000
NGPL,2001-12-22,0,200000
NGPL,2001-12-23,0,200000
NGPL,2001-12-24,0,200000
NGPL,2001-12-25,0,200000
NGPL,2001-12-26,0,200000
NGPL,2001-12-27,0,200000
NGPL,2001-12-28,0,200000
NGPL,2001-12-29,0,74382
NGPL,2001-12-30,0,74382
NGPL,2001-12-31,0,74382
NGPL,2002-01-01,0,74382
NGPL,2002-01-02,0,200000
NGPL,2002-01-03,0,147398
NGPL,2002-01-04,0,147398
NGPL,2002-01-05,0,117753
NGPL,2002-01-06,0,117753
NGPL,2002-01-07,0,117753
NGPL,2002-01-08,0,117753
NGPL,2002-01-09,0,118486
NGPL,2002-01-10,0,95885
NGPL,2002-01-11,0,116980
NGPL,2002-01-12,0,126681
NGPL,2002-01-13,0,126681
NGPL,2002-01-14,0,126681
NGPL,2002-01-15,0,126681
NGPL,2002-01-16,0,200000
NGPL,2002-01-17,0,177797
NGPL,2002-01-18,0,140964
NGPL,2002-01-19,0,104436
NGPL,2002-01-20,0,104436
NGPL,2002-01-21,0,104436
NGPL,2002-01-22,0,104436
NGPL,2002-01-23,0,200000
NGPL,2002-01-24,0,200000
NGPL,2002-01-25,0,207066
NGPL,2002-01-26,0,256338
NGPL,2002-01-27,0,256338
NGPL,2002-01-28,0,256338
NGPL,2002-01-29,0,39196
NGPL,2002-01-30,0,39196
NGPL,2002-01-31,0,78771
NGPL,2002-02-01,0,39182
NGPL,2002-02-02,0,105538
NGPL,2002-02-03,0,105538
NGPL,2002-02-04,0,105538
NGPL,2002-02-05,0,105538
SEA ROBIN,2001-09-01,0,147296
SEA ROBIN,2001-09-02,0,147296
SEA ROBIN,2001-09-03,0,147296
SEA ROBIN,2001-09-04,0,207779
SEA ROBIN,2001-09-05,0,230426
SEA ROBIN,2001-09-06,0,147240
SEA ROBIN,2001-09-07,0,138905
SEA ROBIN,2001-09-08,0,138905
SEA ROBIN,2001-09-09,0,138905
SEA ROBIN,2001-09-10,0,199046
SEA ROBIN,2001-09-11,0,152945
SEA ROBIN,2001-09-12,0,152945
SEA ROBIN,2001-09-13,0,152945
SEA ROBIN,2001-09-14,0,147740
SEA ROBIN,2001-09-15,0,194482
SEA ROBIN,2001-09-16,0,194482
SEA ROBIN,2001-09-17,0,194482
SEA ROBIN,2001-09-18,0,194482
SEA ROBIN,2001-09-19,0,181099
SEA ROBIN,2001-09-20,0,90905
SEA ROBIN,2001-09-21,0,155747
SEA ROBIN,2001-09-22,0,155747
SEA ROBIN,2001-09-23,0,155747
SEA ROBIN,2001-09-24,0,173767
SEA ROBIN,2001-09-25,0,173767
SEA ROBIN,2001-09-26,0,102430
SEA ROBIN,2001-09-27,0,104131
SEA ROBIN,2001-09-28,0,134487
SEA ROBIN,2001-09-29,0,131228
SEA ROBIN,2001-09-30,0,131228
SEA ROBIN,2001-10-01,0,131228
SEA ROBIN,2001-10-02,0,131228
SEA ROBIN,2001-10-03,0,123404
SEA ROBIN,2001-10-04,0,70645
SEA ROBIN,2001-10-05,0,146103
SEA ROBIN,2001-10-06,0,141126
SEA ROBIN,2001-10-07,0,141126
SEA ROBIN,2001-10-08,0,141126
SEA ROBIN,2001-10-09,0,89291
SEA ROBIN,2001-10-10,0,73439
SEA ROBIN,2001-10-11,0,94932
SEA ROBIN,2001-10-12,0,184028
SEA ROBIN,2001-10-13,0,184028
SEA ROBIN,2001-10-14,0,184028
SEA ROBIN,2001-10-15,0,0
SEA ROBIN,2001-10-16,0,0
SEA ROBIN,2001-10-17,0,0
SEA ROBIN,2001-10-18,0,0
SEA ROBIN,2001-10-19,0,0
SEA ROBIN,2001-10-20,0,0
SEA ROBIN,2001-10-21,0,0
SEA ROBIN,2001-10-22,0,109079
SEA ROBIN,2001-10-23,0,135220
SEA ROBIN,2001-10-24,0,135220
SEA ROBIN,2001-10-25,0,135090
SEA ROBIN,2001-10-26,0,38939
SEA ROBIN,2001-10-27,0,79782
SEA ROBIN,2001-10-28,0,79782
SEA ROBIN,2001-10-29,0,77983
SEA ROBIN,2001-10-30,0,77983
SEA ROBIN,2001-10-31,0,54827
SEA ROBIN,2001-11-01,0,50747
SEA ROBIN,2001-11-02,0,120480
SEA ROBIN,2001-11-03,0,180766
SEA ROBIN,2001-11-04,0,180766
SEA ROBIN,2001-11-05,0,180766
SEA ROBIN,2001-11-06,0,180766
SEA ROBIN,2001-11-07,0,106047
SEA ROBIN,2001-11-08,0,75150
SEA ROBIN,2001-11-09,0,75150
SEA ROBIN,2001-11-10,0,45350
SEA ROBIN,2001-11-11,0,45350
SEA ROBIN,2001-11-12,0,45350
SEA ROBIN,2001-11-13,0,106702
SEA ROBIN,2001-11-14,0,44509
SEA ROBIN,2001-11-15,0,69362
SEA ROBIN,2001-11-16,0,69362
SEA ROBIN,2001-11-17,0,120091
SEA ROBIN,2001-11-18,0,120091
SEA ROBIN,2001-11-19,0,120091
SEA ROBIN,2001-11-20,0,120091
SEA ROBIN,2001-11-21,0,115628
SEA ROBIN,2001-11-22,0,99195
SEA ROBIN,2001-11-23,0,99195
SEA ROBIN,2001-11-24,0,141028
SEA ROBIN,2001-11-25,0,141028
SEA ROBIN,2001-11-26,0,141028
SEA ROBIN,2001-11-27,0,141028
SEA ROBIN,2001-11-28,0,202738
SEA ROBIN,2001-11-29,0,77300
SEA ROBIN,2001-11-30,0,77300
SEA ROBIN,2001-12-01,0,120610
SEA ROBIN,2001-12-02,0,120610
SEA ROBIN,2001-12-03,0,120610
SEA ROBIN,2001-12-04,0,122932
SEA ROBIN,2001-12-05,0,80546
SEA ROBIN,2001-12-06,0,73618
SEA ROBIN,2001-12-07,0,144102
SEA ROBIN,2001-12-08,0,123756
SEA ROBIN,2001-12-09,0,123756
SEA ROBIN,2001-12-10,0,123756
SEA ROBIN,2001-12-11,0,123756
SEA ROBIN,2001-12-12,0,0
SEA ROBIN,2001-12-13,0,0
SEA ROBIN,2001-12-14,0,0
SEA ROBIN,2001-12-15,0,0
SEA ROBIN,2001-12-16,0,0
SEA ROBIN,2001-12-17,0,0
SEA ROBIN,2001-12-18,0,0
SEA ROBIN,2001-12-19,0,0
SEA ROBIN,2001-12-20,0,52141
SEA ROBIN,2001-12-21,0,38524
SEA ROBIN,2001-12-22,0,38424
SEA ROBIN,2001-12-23,0,38424
SEA ROBIN,2001-12-24,0,38424
SEA ROBIN,2001-12-25,0,38424
SEA ROBIN,2001-12-26,0,38424
SEA ROBIN,2001-12-27,0,38424
SEA ROBIN,2001-12-28,0,38424
SEA ROBIN,2001-12-29,0,117593
SEA ROBIN,2001-12-30,0,117593
SEA ROBIN,2001-12-31,0,117593
SEA ROBIN,2002-01-01,0,117593
SEA ROBIN,2002-01-02,0,71298
SEA ROBIN,2002-01-03,0,94674
SEA ROBIN,2002-01-04,0,94674
SEA ROBIN,2002-01-05,0,46721
SEA ROBIN,2002-01-06,0,46721
SEA ROBIN,2002-01-07,0,46721
SEA ROBIN,2002-01-08,0,46721
SEA ROBIN,2002-01-09,0,57341
SEA ROBIN,2002-01-10,0,62811
SEA ROBIN,2002-01-11,0,123092
SEA ROBIN,2002-01-12,0,88532
SEA ROBIN,2002-01-13,0,88532
SEA ROBIN,2002-01-14,0,88532
SEA ROBIN,2002-01-15,0,88532
SEA ROBIN,2002-01-16,0,75057
SEA ROBIN,2002-01-17,0,84397
SEA ROBIN,2002-01-18,0,78357
SEA ROBIN,2002-01-19,0,93880
SEA ROBIN,2002-01-20,0,93880
SEA ROBIN,2002-01-21,0,93880
SEA ROBIN,2002-01-22,0,93880
SEA ROBIN,2002-01-23,0,90431
SEA ROBIN,2002-01-24,0,89961
SEA ROBIN,2002-01-25,0,114249
SEA ROBIN,2002-01-26,0,91544
SEA ROBIN,2002-01-27,0,91544
SEA ROBIN,2002-01-28,0,91544
SEA ROBIN,2002-01-29,0,100268
SEA ROBIN,2002-01-30,0,100268
SEA ROBIN,2002-01-31,0,30273
SEA ROBIN,2002-02-01,0,75291
SEA ROBIN,2002-02-02,0,123367
SEA ROBIN,2002-02-03,0,123367
SEA ROBIN,2002-02-04,0,123367
SEA ROBIN,2002-02-05,0,123367
SONAT,2001-09-01,0,0
SONAT,2001-09-02,0,0
SONAT,2001-09-03,0,0
SONAT,2001-09-04,0,0
SONAT,2001-09-05,-7000,0
SONAT,2001-09-06,0,0
SONAT,2001-09-07,0,0
SONAT,2001-09-08,0,0
SONAT,2001-09-09,0,0
SONAT,2001-09-10,-9047,0
SONAT,2001-09-11,0,0
SONAT,2001-09-12,0,0
SONAT,2001-09-13,0,0
SONAT,2001-09-14,0,0
SONAT,2001-09-15,0,0
SONAT,2001-09-16,0,0
SONAT,2001-09-17,0,0
SONAT,2001-09-18,0,0
SONAT,2001-09-19,0,0
SONAT,2001-09-20,-33867,0
SONAT,2001-09-21,-48057,0
SONAT,2001-09-22,-48057,0
SONAT,2001-09-23,-48057,0
SONAT,2001-09-24,0,0
SONAT,2001-09-25,0,0
SONAT,2001-09-26,-10000,0
SONAT,2001-09-27,-72890,0
SONAT,2001-09-28,-5778,0
SONAT,2001-09-29,-21799,0
SONAT,2001-09-30,-21799,0
SONAT,2001-10-01,-21799,0
SONAT,2001-10-02,-21799,0
SONAT,2001-10-03,-3992,0
SONAT,2001-10-04,-10000,0
SONAT,2001-10-05,-297,0
SONAT,2001-10-06,0,0
SONAT,2001-10-07,0,0
SONAT,2001-10-08,0,0
SONAT,2001-10-09,-46143,0
SONAT,2001-10-10,-37774,0
SONAT,2001-10-11,-16581,0
SONAT,2001-10-12,-5939,0
SONAT,2001-10-13,-5939,0
SONAT,2001-10-14,-5939,0
SONAT,2001-10-15,-129,0
SONAT,2001-10-16,-129,0
SONAT,2001-10-17,-4037,0
SONAT,2001-10-18,-114927,0
SONAT,2001-10-19,-1294,0
SONAT,2001-10-20,-1294,0
SONAT,2001-10-21,-1294,0
SONAT,2001-10-22,-5594,0
SONAT,2001-10-23,-18654,0
SONAT,2001-10-24,-18654,0
SONAT,2001-10-25,-47689,0
SONAT,2001-10-26,-57278,0
SONAT,2001-10-27,-65689,0
SONAT,2001-10-28,-65689,0
SONAT,2001-10-29,-66032,0
SONAT,2001-10-30,-66032,0
SONAT,2001-10-31,-43037,0
SONAT,2001-11-01,-30,0
SONAT,2001-11-02,0,0
SONAT,2001-11-03,0,0
SONAT,2001-11-04,0,0
SONAT,2001-11-05,0,0
SONAT,2001-11-06,0,0
SONAT,2001-11-07,-10500,0
SONAT,2001-11-08,0,0
SONAT,2001-11-09,0,0
SONAT,2001-11-10,-14000,0
SONAT,2001-11-11,-14000,0
SONAT,2001-11-12,-14000,0
SONAT,2001-11-13,-38504,0
SONAT,2001-11-14,-14044,0
SONAT,2001-11-15,-5534,0
SONAT,2001-11-16,-5534,0
SONAT,2001-11-17,-10048,0
SONAT,2001-11-18,-10048,0
SONAT,2001-11-19,-10048,0
SONAT,2001-11-20,-10048,0
SONAT,2001-11-21,-50332,0
SONAT,2001-11-22,-42244,0
SONAT,2001-11-23,-42244,0
SONAT,2001-11-24,0,0
SONAT,2001-11-25,0,0
SONAT,2001-11-26,0,0
SONAT,2001-11-27,0,0
SONAT,2001-11-28,-42533,0
SONAT,2001-11-29,0,0
SONAT,2001-11-30,0,0
SONAT,2001-12-01,-10,0
SONAT,2001-12-02,-10,0
SONAT,2001-12-03,-10,0
SONAT,2001-12-04,-9999,0
SONAT,2001-12-05,-61,0
SONAT,2001-12-06,-10000,0
SONAT,2001-12-07,-3941,0
SONAT,2001-12-08,-7684,0
SONAT,2001-12-09,-7684,0
SONAT,2001-12-10,-7684,0
SONAT,2001-12-11,-7684,0
SONAT,2001-12-12,0,0
SONAT,2001-12-13,-199,0
SONAT,2001-12-14,-19,0
SONAT,2001-12-15,-25000,0
SONAT,2001-12-16,-25000,0
SONAT,2001-12-17,-25000,0
SONAT,2001-12-18,-25000,0
SONAT,2001-12-19,-45,0
SONAT,2001-12-20,-26365,0
SONAT,2001-12-21,-49510,0
SONAT,2001-12-22,-68759,0
SONAT,2001-12-23,-68759,0
SONAT,2001-12-24,-68759,0
SONAT,2001-12-25,-68759,0
SONAT,2001-12-26,-68759,0
SONAT,2001-12-27,-68759,0
SONAT,2001-12-28,-68759,0
SONAT,2001-12-29,-22145,0
SONAT,2001-12-30,-22145,0
SONAT,2001-12-31,-22145,0
SONAT,2002-01-01,-22145,0
SONAT,2002-01-02,-51652,0
SONAT,2002-01-03,-79090,0
SONAT,2002-01-04,-79090,0
SONAT,2002-01-05,-85371,0
SONAT,2002-01-06,-85371,0
SONAT,2002-01-07,-85371,0
SONAT,2002-01-08,-85371,0
SONAT,2002-01-09,-64942,6003
SONAT,2002-01-10,-68818,6005
SONAT,2002-01-11,-1000,5909
SONAT,2002-01-12,-21613,0
SONAT,2002-01-13,-21613,0
SONAT,2002-01-14,-21613,0
SONAT,2002-01-15,-21613,0
SONAT,2002-01-16,-49030,9977
SONAT,2002-01-17,-5052,0
SONAT,2002-01-18,-10000,19970
SONAT,2002-01-19,-46030,0
SONAT,2002-01-20,-46030,0
SONAT,2002-01-21,-46030,0
SONAT,2002-01-22,-46030,0
SONAT,2002-01-23,-29030,899
SONAT,2002-01-24,-67858,0
SONAT,2002-01-25,-78925,0
SONAT,2002-01-26,-91623,0
SONAT,2002-01-27,-91623,0
SONAT,2002-01-28,-91623,0
SONAT,2002-01-29,-53013,0
SONAT,2002-01-30,-53013,0
SONAT,2002-01-31,-42041,87
SONAT,2002-02-01,-26313,0
SONAT,2002-02-02,-9764,5000
SONAT,2002-02-03,-9764,5000
SONAT,2002-02-04,-9764,5000
SONAT,2002-02-05,-9764,5000
TEXAS GAS,2001-09-01,-84487,0
TEXAS GAS,2001-09-02,-84487,0
TEXAS GAS,2001-09-03,-84487,0
TEXAS GAS,2001-09-04,-47428,0
TEXAS GAS,2001-09-05,-15201,0
TEXAS GAS,2001-09-06,-15201,0
TEXAS GAS,2001-09-07,-30201,0
TEXAS GAS,2001-09-08,-30201,0
TEXAS GAS,2001-09-09,-30201,0
TEXAS GAS,2001-09-10,-36257,0
TEXAS GAS,2001-09-11,-15201,0
TEXAS GAS,2001-09-12,-15201,0
TEXAS GAS,2001-09-13,-15201,0
TEXAS GAS,2001-09-14,-15201,0
TEXAS GAS,2001-09-15,-35201,0
TEXAS GAS,2001-09-16,-35201,0
TEXAS GAS,2001-09-17,-35201,0
TEXAS GAS,2001-09-18,-35201,0
TEXAS GAS,2001-09-19,-20201,0
TEXAS GAS,2001-09-20,-32883,0
TEXAS GAS,2001-09-21,-25201,0
TEXAS GAS,2001-09-22,-25201,0
TEXAS GAS,2001-09-23,-25201,0
TEXAS GAS,2001-09-24,-42638,0
TEXAS GAS,2001-09-25,-42638,0
TEXAS GAS,2001-09-26,-15201,0
TEXAS GAS,2001-09-27,-44020,0
TEXAS GAS,2001-09-28,-15202,0
TEXAS GAS,2001-09-29,-72319,0
TEXAS GAS,2001-09-30,-72319,0
TEXAS GAS,2001-10-01,-72319,0
TEXAS GAS,2001-10-02,-72319,0
TEXAS GAS,2001-10-03,-15201,0
TEXAS GAS,2001-10-04,-16245,0
TEXAS GAS,2001-10-05,-59309,0
TEXAS GAS,2001-10-06,-49982,0
TEXAS GAS,2001-10-07,-49982,0
TEXAS GAS,2001-10-08,-49982,0
TEXAS GAS,2001-10-09,-15201,0
TEXAS GAS,2001-10-10,-21056,0
TEXAS GAS,2001-10-11,-21608,0
TEXAS GAS,2001-10-12,-18201,0
TEXAS GAS,2001-10-13,-18201,0
TEXAS GAS,2001-10-14,-18201,0
TEXAS GAS,2001-10-15,-46554,0
TEXAS GAS,2001-10-16,-46554,0
TEXAS GAS,2001-10-17,-24317,0
TEXAS GAS,2001-10-18,-67371,0
TEXAS GAS,2001-10-19,-79354,0
TEXAS GAS,2001-10-20,-79354,0
TEXAS GAS,2001-10-21,-79354,0
TEXAS GAS,2001-10-22,-81055,0
TEXAS GAS,2001-10-23,-69317,0
TEXAS GAS,2001-10-24,-69317,0
TEXAS GAS,2001-10-25,-43360,0
TEXAS GAS,2001-10-26,-84219,0
TEXAS GAS,2001-10-27,-77372,0
TEXAS GAS,2001-10-28,-77372,0
TEXAS GAS,2001-10-29,-93733,0
TEXAS GAS,2001-10-30,-93733,0
TEXAS GAS,2001-10-31,-15740,0
TEXAS GAS,2001-11-01,-40204,0
TEXAS GAS,2001-11-02,-32115,0
TEXAS GAS,2001-11-03,-15223,0
TEXAS GAS,2001-11-04,-15223,0
TEXAS GAS,2001-11-05,-15223,0
TEXAS GAS,2001-11-06,-15223,0
TEXAS GAS,2001-11-07,-60174,0
TEXAS GAS,2001-11-08,-33363,0
TEXAS GAS,2001-11-09,-33363,0
TEXAS GAS,2001-11-10,-26714,0
TEXAS GAS,2001-11-11,-26714,0
TEXAS GAS,2001-11-12,-26714,0
TEXAS GAS,2001-11-13,-74987,0
TEXAS GAS,2001-11-14,-50176,0
TEXAS GAS,2001-11-15,-15201,0
TEXAS GAS,2001-11-16,-15201,0
TEXAS GAS,2001-11-17,-33723,0
TEXAS GAS,2001-11-18,-33723,0
TEXAS GAS,2001-11-19,-33723,0
TEXAS GAS,2001-11-20,-33723,0
TEXAS GAS,2001-11-21,-104448,0
TEXAS GAS,2001-11-22,-37721,0
TEXAS GAS,2001-11-23,-37721,0
TEXAS GAS,2001-11-24,-68171,0
TEXAS GAS,2001-11-25,-68171,0
TEXAS GAS,2001-11-26,-68171,0
TEXAS GAS,2001-11-27,-68171,0
TEXAS GAS,2001-11-28,-59270,0
TEXAS GAS,2001-11-29,-18888,0
TEXAS GAS,2001-11-30,-18888,0
TEXAS GAS,2001-12-01,-72290,0
TEXAS GAS,2001-12-02,-72290,0
TEXAS GAS,2001-12-03,-72290,0
TEXAS GAS,2001-12-04,-17360,0
TEXAS GAS,2001-12-05,-7715,0
TEXAS GAS,2001-12-06,-179279,0
TEXAS GAS,2001-12-07,-94715,0
TEXAS GAS,2001-12-08,-168975,0
TEXAS GAS,2001-12-09,-168975,0
TEXAS GAS,2001-12-10,-168975,0
TEXAS GAS,2001-12-11,-168975,0
TEXAS GAS,2001-12-12,-74543,0
TEXAS GAS,2001-12-13,-28212,0
TEXAS GAS,2001-12-14,-21815,0
TEXAS GAS,2001-12-15,-16068,0
TEXAS GAS,2001-12-16,-16068,0
TEXAS GAS,2001-12-17,-16068,0
TEXAS GAS,2001-12-18,-16068,0
TEXAS GAS,2001-12-19,-36000,0
TEXAS GAS,2001-12-20,-28800,0
TEXAS GAS,2001-12-21,-25076,0
TEXAS GAS,2001-12-22,-16029,0
TEXAS GAS,2001-12-23,-16029,0
TEXAS GAS,2001-12-24,-16029,0
TEXAS GAS,2001-12-25,-16029,0
TEXAS GAS,2001-12-26,-16029,0
TEXAS GAS,2001-12-27,-16029,0
TEXAS GAS,2001-12-28,-16029,0
TEXAS GAS,2001-12-29,-46000,0
TEXAS GAS,2001-12-30,-46000,0
TEXAS GAS,2001-12-31,-46000,0
TEXAS GAS,2002-01-01,-46000,0
TEXAS GAS,2002-01-02,-111648,0
TEXAS GAS,2002-01-03,-25000,0
TEXAS GAS,2002-01-04,-25000,0
TEXAS GAS,2002-01-05,-58221,0
TEXAS GAS,2002-01-06,-58221,0
TEXAS GAS,2002-01-07,-58221,0
TEXAS GAS,2002-01-08,-58221,0
TEXAS GAS,2002-01-09,-21251,0
TEXAS GAS,2002-01-10,-21037,0
TEXAS GAS,2002-01-11,-44433,0
TEXAS GAS,2002-01-12,-22572,0
TEXAS GAS,2002-01-13,-22572,0
TEXAS GAS,2002-01-14,-22572,0
TEXAS GAS,2002-01-15,-22572,0
TEXAS GAS,2002-01-16,-31040,0
TEXAS GAS,2002-01-17,-16136,0
TEXAS GAS,2002-01-18,-24015,0
TEXAS GAS,2002-01-19,-53938,0
TEXAS GAS,2002-01-20,-53938,0
TEXAS GAS,2002-01-21,-53938,0
TEXAS GAS,2002-01-22,-53938,0
TEXAS GAS,2002-01-23,-167725,0
TEXAS GAS,2002-01-24,-16051,0
TEXAS GAS,2002-01-25,-58394,0
TEXAS GAS,2002-01-26,-37415,0
TEXAS GAS,2002-01-27,-37415,0
TEXAS GAS,2002-01-28,-37415,0
TEXAS GAS,2002-01-29,-46308,0
TEXAS GAS,2002-01-30,-46308,0
TEXAS GAS,2002-01-31,-43592,0
TEXAS GAS,2002-02-01,-139742,0
TEXAS GAS,2002-02-02,-43878,0
TEXAS GAS,2002-02-03,-43878,0
TEXAS GAS,2002-02-04,-43878,0
TEXAS GAS,2002-02-05,-43878,0
TRANSCO,2001-09-01,0,0
TRANSCO,2001-09-02,0,0
TRANSCO,2001-09-03,0,0
TRANSCO,2001-09-04,0,0
TRANSCO,2001-09-05,0,0
TRANSCO,2001-09-06,0,0
TRANSCO,2001-09-07,0,0
TRANSCO,2001-09-08,0,0
TRANSCO,2001-09-09,0,0
TRANSCO,2001-09-10,0,0
TRANSCO,2001-09-11,0,0
TRANSCO,2001-09-12,0,0
TRANSCO,2001-09-13,0,0
TRANSCO,2001-09-14,0,0
TRANSCO,2001-09-15,0,0
TRANSCO,2001-09-16,0,0
TRANSCO,2001-09-17,0,0
TRANSCO,2001-09-18,0,0
TRANSCO,2001-09-19,0,0
TRANSCO,2001-09-20,0,0
TRANSCO,2001-09-21,0,0
TRANSCO,2001-09-22,0,0
TRANSCO,2001-09-23,0,0
TRANSCO,2001-09-24,0,0
TRANSCO,2001-09-25,0,0
TRANSCO,2001-09-26,0,0
TRANSCO,2001-09-27,0,0
TRANSCO,2001-09-28,-1,0
TRANSCO,2001-09-29,0,0
TRANSCO,2001-09-30,0,0
TRANSCO,2001-10-01,0,0
TRANSCO,2001-10-02,0,0
TRANSCO,2001-10-03,0,0
TRANSCO,2001-10-04,0,0
TRANSCO,2001-10-05,0,0
TRANSCO,2001-10-06,0,0
TRANSCO,2001-10-07,0,0
TRANSCO,2001-10-08,0,0
TRANSCO,2001-10-09,0,0
TRANSCO,2001-10-10,0,0
TRANSCO,2001-10-11,0,0
TRANSCO,2001-10-12,0,0
TRANSCO,2001-10-13,0,0
TRANSCO,2001-10-14,0,0
TRANSCO,2001-10-15,0,0
TRANSCO,2001-10-16,0,0
TRANSCO,2001-10-17,0,0
TRANSCO,2001-10-18,0,0
TRANSCO,2001-10-19,0,0
TRANSCO,2001-10-20,0,0
TRANSCO,2001-10-21,0,0
TRANSCO,2001-10-22,0,0
TRANSCO,2001-10-23,0,0
TRANSCO,2001-10-24,0,0
TRANSCO,2001-10-25,0,0
TRANSCO,2001-10-26,0,0
TRANSCO,2001-10-27,0,0
TRANSCO,2001-10-28,0,0
TRANSCO,2001-10-29,0,0
TRANSCO,2001-10-30,0,0
TRANSCO,2001-10-31,0,0
TRANSCO,2001-11-01,0,0
TRANSCO,2001-11-02,0,0
TRANSCO,2001-11-03,0,0
TRANSCO,2001-11-04,0,0
TRANSCO,2001-11-05,0,0
TRANSCO,2001-11-06,0,0
TRANSCO,2001-11-07,0,0
TRANSCO,2001-11-08,0,0
TRANSCO,2001-11-09,0,0
TRANSCO,2001-11-10,0,0
TRANSCO,2001-11-11,0,0
TRANSCO,2001-11-12,0,0
TRANSCO,2001-11-13,0,0
TRANSCO,2001-11-14,0,0
TRANSCO,2001-11-15,0,0
TRANSCO,2001-11-16,0,0
TRANSCO,2001-11-17,0,0
TRANSCO,2001-11-18,0,0
TRANSCO,2001-11-19,0,0
TRANSCO,2001-11-20,0,0
TRANSCO,2001-11-21,0,0
TRANSCO,2001-11-22,0,0
TRANSCO,2001-11-23,0,0
TRANSCO,2001-11-24,0,0
TRANSCO,2001-11-25,0,0
TRANSCO,2001-11-26,0,0
TRANSCO,2001-11-27,0,0
TRANSCO,2001-11-28,0,0
TRANSCO,2001-11-29,0,0
TRANSCO,2001-11-30,0,0
TRANSCO,2001-12-01,0,0
TRANSCO,2001-12-02,0,0
TRANSCO,2001-12-03,0,0
TRANSCO,2001-12-04,0,0
TRANSCO,2001-12-05,0,0
TRANSCO,2001-12-06,0,0
TRANSCO,2001-12-07,0,0
TRANSCO,2001-12-08,0,0
TRANSCO,2001-12-09,0,0
TRANSCO,2001-12-10,0,0
TRANSCO,2001-12-11,0,0
TRANSCO,2001-12-12,0,0
TRANSCO,2001-12-13,0,0
TRANSCO,2001-12-14,0,0
TRANSCO,2001-12-15,0,0
TRANSCO,2001-12-16,0,0
TRANSCO,2001-12-17,0,0
TRANSCO,2001-12-18,0,0
TRANSCO,2001-12-19,0,0
TRANSCO,2001-12-20,0,0
TRANSCO,2001-12-21,0,0
TRANSCO,2001-12-22,0,0
TRANSCO,2001-12-23,0,0
TRANSCO,2001-12-24,0,0
TRANSCO,2001-12-25,0,0
TRANSCO,2001-12-26,0,0
TRANSCO,2001-12-27,0,0
TRANSCO,2001-12-28,0,0
TRANSCO,2001-12-29,0,0
TRANSCO,2001-12-30,0,0
TRANSCO,2001-12-31,0,0
TRANSCO,2002-01-01,0,0
TRANSCO,2002-01-02,0,0
TRANSCO,2002-01-03,0,0
TRANSCO,2002-01-04,0,0
TRANSCO,2002-01-05,0,0
TRANSCO,2002-01-06,0,0
TRANSCO,2002-01-07,0,0
TRANSCO,2002-01-08,0,0
TRANSCO,2002-01-09,0,0
TRANSCO,2002-01-10,0,0
TRANSCO,2002-01-11,0,0
TRANSCO,2002-01-12,0,0
TRANSCO,2002-01-13,0,0
TRANSCO,2002-01-14,0,0
TRANSCO,2002-01-15,0,0
TRANSCO,2002-01-16,0,0
TRANSCO,2002-01-17,0,0
TRANSCO,2002-01-18,0,0
TRANSCO,2002-01-19,0,0
TRANSCO,2002-01-20,0,0
TRANSCO,2002-01-21,0,0
TRANSCO,2002-01-22,0,0
TRANSCO,2002-01-23,0,0
TRANSCO,2002-01-24,0,0
TRANSCO,2002-01-25,0,0
TRANSCO,2002-01-26,0,0
TRANSCO,2002-01-27,0,0
TRANSCO,2002-01-28,0,0
TRANSCO,2002-01-29,0,0
TRANSCO,2002-01-30,0,0
TRANSCO,2002-01-31,0,0
TRANSCO,2002-02-01,0,0
TRANSCO,2002-02-02,0,0
TRANSCO,2002-02-03,0,0
TRANSCO,2002-02-04,0,0
TRANSCO,2002-02-05,0,0
TRUNKLINE,2001-09-01,-9,50000
TRUNKLINE,2001-09-02,-9,50000
TRUNKLINE,2001-09-03,-9,50000
TRUNKLINE,2001-09-04,-500,22000
TRUNKLINE,2001-09-05,0,22000
TRUNKLINE,2001-09-06,0,22000
TRUNKLINE,2001-09-07,0,22000
TRUNKLINE,2001-09-08,0,22000
TRUNKLINE,2001-09-09,0,22000
TRUNKLINE,2001-09-10,0,51730
TRUNKLINE,2001-09-11,0,22000
TRUNKLINE,2001-09-12,0,22000
TRUNKLINE,2001-09-13,0,22000
TRUNKLINE,2001-09-14,-20000,22000
TRUNKLINE,2001-09-15,-2400,22000
TRUNKLINE,2001-09-16,-2400,22000
TRUNKLINE,2001-09-17,-2400,22000
TRUNKLINE,2001-09-18,-2400,22000
TRUNKLINE,2001-09-19,-14968,22000
TRUNKLINE,2001-09-20,0,22000
TRUNKLINE,2001-09-21,0,22000
TRUNKLINE,2001-09-22,0,22000
TRUNKLINE,2001-09-23,0,22000
TRUNKLINE,2001-09-24,0,22000
TRUNKLINE,2001-09-25,0,22000
TRUNKLINE,2001-09-26,0,22000
TRUNKLINE,2001-09-27,0,22000
TRUNKLINE,2001-09-28,-5000,22000
TRUNKLINE,2001-09-29,-1079,22000
TRUNKLINE,2001-09-30,-1079,22000
TRUNKLINE,2001-10-01,-1079,22000
TRUNKLINE,2001-10-02,-1079,22000
TRUNKLINE,2001-10-03,0,7096
TRUNKLINE,2001-10-04,0,17096
TRUNKLINE,2001-10-05,0,7096
TRUNKLINE,2001-10-06,-6000,7096
TRUNKLINE,2001-10-07,-6000,7096
TRUNKLINE,2001-10-08,-6000,7096
TRUNKLINE,2001-10-09,0,7096
TRUNKLINE,2001-10-10,0,7096
TRUNKLINE,2001-10-11,0,7096
TRUNKLINE,2001-10-12,0,7096
TRUNKLINE,2001-10-13,0,7096
TRUNKLINE,2001-10-14,0,7096
TRUNKLINE,2001-10-15,-24100,7096
TRUNKLINE,2001-10-16,-24100,7096
TRUNKLINE,2001-10-17,0,8971
TRUNKLINE,2001-10-18,0,18142
TRUNKLINE,2001-10-19,0,8971
TRUNKLINE,2001-10-20,0,8971
TRUNKLINE,2001-10-21,0,8971
TRUNKLINE,2001-10-22,-20867,8971
TRUNKLINE,2001-10-23,-8,8971
TRUNKLINE,2001-10-24,-8,8971
TRUNKLINE,2001-10-25,-23580,8971
TRUNKLINE,2001-10-26,-75000,8971
TRUNKLINE,2001-10-27,-7800,8971
TRUNKLINE,2001-10-28,-7800,8971
TRUNKLINE,2001-10-29,0,20223
TRUNKLINE,2001-10-30,0,20223
TRUNKLINE,2001-10-31,0,20222
TRUNKLINE,2001-11-01,0,26550
TRUNKLINE,2001-11-02,0,55558
TRUNKLINE,2001-11-03,0,22839
TRUNKLINE,2001-11-04,0,22839
TRUNKLINE,2001-11-05,0,22839
TRUNKLINE,2001-11-06,0,22839
TRUNKLINE,2001-11-07,0,21333
TRUNKLINE,2001-11-08,0,21333
TRUNKLINE,2001-11-09,0,21333
TRUNKLINE,2001-11-10,0,21333
TRUNKLINE,2001-11-11,0,21333
TRUNKLINE,2001-11-12,0,21333
TRUNKLINE,2001-11-13,0,21333
TRUNKLINE,2001-11-14,0,21333
TRUNKLINE,2001-11-15,-63,31333
TRUNKLINE,2001-11-16,-63,31333
TRUNKLINE,2001-11-17,0,31333
TRUNKLINE,2001-11-18,0,31333
TRUNKLINE,2001-11-19,0,31333
TRUNKLINE,2001-11-20,0,31333
TRUNKLINE,2001-11-21,-12,31333
TRUNKLINE,2001-11-22,0,31656
TRUNKLINE,2001-11-23,0,31656
TRUNKLINE,2001-11-24,-5400,31369
TRUNKLINE,2001-11-25,-5400,31369
TRUNKLINE,2001-11-26,-5400,31369
TRUNKLINE,2001-11-27,-5400,31369
TRUNKLINE,2001-11-28,-23412,31333
TRUNKLINE,2001-11-29,-10000,21333
TRUNKLINE,2001-11-30,-10000,21333
TRUNKLINE,2001-12-01,-14463,21343
TRUNKLINE,2001-12-02,-14463,21343
TRUNKLINE,2001-12-03,-14463,21343
TRUNKLINE,2001-12-04,-36702,0
TRUNKLINE,2001-12-05,0,0
TRUNKLINE,2001-12-06,0,0
TRUNKLINE,2001-12-07,-8498,0
TRUNKLINE,2001-12-08,-7998,0
TRUNKLINE,2001-12-09,-7998,0
TRUNKLINE,2001-12-10,-7998,0
TRUNKLINE,2001-12-11,-7998,0
TRUNKLINE,2001-12-12,0,0
TRUNKLINE,2001-12-13,0,0
TRUNKLINE,2001-12-14,-12000,15000
TRUNKLINE,2001-12-15,-55,0
TRUNKLINE,2001-12-16,-55,0
TRUNKLINE,2001-12-17,-55,0
TRUNKLINE,2001-12-18,-55,0
TRUNKLINE,2001-12-19,0,0
TRUNKLINE,2001-12-20,-55,0
TRUNKLINE,2001-12-21,0,0
TRUNKLINE,2001-12-22,0,11722
TRUNKLINE,2001-12-23,0,11722
TRUNKLINE,2001-12-24,0,11722
TRUNKLINE,2001-12-25,0,11722
TRUNKLINE,2001-12-26,0,11722
TRUNKLINE,2001-12-27,0,11722
TRUNKLINE,2001-12-28,0,11722
TRUNKLINE,2001-12-29,0,0
TRUNKLINE,2001-12-30,0,0
TRUNKLINE,2001-12-31,0,0
TRUNKLINE,2002-01-01,0,0
TRUNKLINE,2002-01-02,-4872,0
TRUNKLINE,2002-01-03,0,0
TRUNKLINE,2002-01-04,0,0
TRUNKLINE,2002-01-05,-55,0
TRUNKLINE,2002-01-06,-55,0
TRUNKLINE,2002-01-07,-55,0
TRUNKLINE,2002-01-08,-55,0
TRUNKLINE,2002-01-09,0,0
TRUNKLINE,2002-01-10,-55,0
TRUNKLINE,2002-01-11,-55,18000
TRUNKLINE,2002-01-12,-6055,0
TRUNKLINE,2002-01-13,-6055,0
TRUNKLINE,2002-01-14,-6055,0
TRUNKLINE,2002-01-15,-6055,0
TRUNKLINE,2002-01-16,0,10000
TRUNKLINE,2002-01-17,0,34000
TRUNKLINE,2002-01-18,0,12000
TRUNKLINE,2002-01-19,-55,11500
TRUNKLINE,2002-01-20,-55,11500
TRUNKLINE,2002-01-21,-55,11500
TRUNKLINE,2002-01-22,-55,11500
TRUNKLINE,2002-01-23,-55,39101
TRUNKLINE,2002-01-24,0,35600
TRUNKLINE,2002-01-25,0,0
TRUNKLINE,2002-01-26,0,0
TRUNKLINE,2002-01-27,0,0
TRUNKLINE,2002-01-28,0,0
TRUNKLINE,2002-01-29,0,0
TRUNKLINE,2002-01-30,0,0
TRUNKLINE,2002-01-31,-6255,0
TRUNKLINE,2002-02-01,0,0
TRUNKLINE,2002-02-02,-55,0
TRUNKLINE,2002-02-03,-55,0
TRUNKLINE,2002-02-04,-55,0
TRUNKLINE,2002-02-05,-55,0
